"Sample_name"	"DNA_vs_RNA"	"Time_point"	"Metabolic_treatment"	"Replicate_number"	"kegg_ID"	"TPM"
"Nitrifying_Day0_rep1_DNA"	"DNA"	"Week 0"	"Inoculum"	"1"	"K00626; acetyl-CoA C-acetyltransferase
[EC:2.3.1.9]"	424.059
"Nitrifying_Day0_rep2_DNA"	"DNA"	"Week 0"	"Inoculum"	"2"	"K00626; acetyl-CoA C-acetyltransferase
[EC:2.3.1.9]"	404.239
"Nitrifying_Day0_rep3_DNA"	"DNA"	"Week 0"	"Inoculum"	"3"	"K00626; acetyl-CoA C-acetyltransferase
[EC:2.3.1.9]"	379.107
"Nitrifying_Week4_Aerobic_rep1_DNA"	"DNA"	"Week 4"	"Aerobic"	"1"	"K00626; acetyl-CoA C-acetyltransferase
[EC:2.3.1.9]"	2453.088
"Nitrifying_Week4_Aerobic_rep2_DNA"	"DNA"	"Week 4"	"Aerobic"	"2"	"K00626; acetyl-CoA C-acetyltransferase
[EC:2.3.1.9]"	1110.055
"Nitrifying_Week4_Aerobic_rep3_DNA"	"DNA"	"Week 4"	"Aerobic"	"3"	"K00626; acetyl-CoA C-acetyltransferase
[EC:2.3.1.9]"	945.642
"Nitrifying_Week4_Ironreduction_rep1_DNA"	"DNA"	"Week 4"	"Iron reduction"	"1"	"K00626; acetyl-CoA C-acetyltransferase
[EC:2.3.1.9]"	407.895
"Nitrifying_Week4_Ironreduction_rep2_DNA"	"DNA"	"Week 4"	"Iron reduction"	"2"	"K00626; acetyl-CoA C-acetyltransferase
[EC:2.3.1.9]"	416.031
"Nitrifying_Week4_Ironreduction_rep3_DNA"	"DNA"	"Week 4"	"Iron reduction"	"3"	"K00626; acetyl-CoA C-acetyltransferase
[EC:2.3.1.9]"	402.425
"Nitrifying_Week4_Nitratereduction_rep1_DNA"	"DNA"	"Week 4"	"Nitrate reduction"	"1"	"K00626; acetyl-CoA C-acetyltransferase
[EC:2.3.1.9]"	626.751
"Nitrifying_Week4_Nitratereduction_rep2_DNA"	"DNA"	"Week 4"	"Nitrate reduction"	"2"	"K00626; acetyl-CoA C-acetyltransferase
[EC:2.3.1.9]"	523.898
"Nitrifying_Week4_Sulphatereduction_rep1_DNA"	"DNA"	"Week 4"	"Sulphate reduction"	"1"	"K00626; acetyl-CoA C-acetyltransferase
[EC:2.3.1.9]"	554.784
"Nitrifying_Week4_Sulphatereduction_rep2_DNA"	"DNA"	"Week 4"	"Sulphate reduction"	"2"	"K00626; acetyl-CoA C-acetyltransferase
[EC:2.3.1.9]"	599.081
"Nitrifying_Week4_Sulphatereduction_rep3_DNA"	"DNA"	"Week 4"	"Sulphate reduction"	"3"	"K00626; acetyl-CoA C-acetyltransferase
[EC:2.3.1.9]"	597.237
"Nitrifying_Week8_Aerobic_rep1_DNA"	"DNA"	"Week 8"	"Aerobic"	"1"	"K00626; acetyl-CoA C-acetyltransferase
[EC:2.3.1.9]"	1235.886
"Nitrifying_Week8_Aerobic_rep2_DNA"	"DNA"	"Week 8"	"Aerobic"	"2"	"K00626; acetyl-CoA C-acetyltransferase
[EC:2.3.1.9]"	1125.834
"Nitrifying_Week8_Aerobic_rep3_DNA"	"DNA"	"Week 8"	"Aerobic"	"3"	"K00626; acetyl-CoA C-acetyltransferase
[EC:2.3.1.9]"	729.798
"Nitrifying_Week8_Ironreduction_rep1_DNA"	"DNA"	"Week 8"	"Iron reduction"	"1"	"K00626; acetyl-CoA C-acetyltransferase
[EC:2.3.1.9]"	451.783
"Nitrifying_Week8_Ironreduction_rep2_DNA"	"DNA"	"Week 8"	"Iron reduction"	"2"	"K00626; acetyl-CoA C-acetyltransferase
[EC:2.3.1.9]"	420.485
"Nitrifying_Week8_Ironreduction_rep3_DNA"	"DNA"	"Week 8"	"Iron reduction"	"3"	"K00626; acetyl-CoA C-acetyltransferase
[EC:2.3.1.9]"	406.169
"Nitrifying_Week8_Nitratereduction_rep1_DNA"	"DNA"	"Week 8"	"Nitrate reduction"	"1"	"K00626; acetyl-CoA C-acetyltransferase
[EC:2.3.1.9]"	671.378
"Nitrifying_Week8_Nitratereduction_rep2_DNA"	"DNA"	"Week 8"	"Nitrate reduction"	"2"	"K00626; acetyl-CoA C-acetyltransferase
[EC:2.3.1.9]"	664.304
"Nitrifying_Week8_Nitratereduction_rep3_DNA"	"DNA"	"Week 8"	"Nitrate reduction"	"3"	"K00626; acetyl-CoA C-acetyltransferase
[EC:2.3.1.9]"	394.42
"Nitrifying_Week8_Sulphatereduction_rep1_DNA"	"DNA"	"Week 8"	"Sulphate reduction"	"1"	"K00626; acetyl-CoA C-acetyltransferase
[EC:2.3.1.9]"	525.334
"Nitrifying_Week8_Sulphatereduction_rep2_DNA"	"DNA"	"Week 8"	"Sulphate reduction"	"2"	"K00626; acetyl-CoA C-acetyltransferase
[EC:2.3.1.9]"	478.912
"Nitrifying_Week8_Sulphatereduction_rep3_DNA"	"DNA"	"Week 8"	"Sulphate reduction"	"3"	"K00626; acetyl-CoA C-acetyltransferase
[EC:2.3.1.9]"	596.17
"Nitrifying_Day0_rep1_RNA"	"RNA"	"Week 0"	"Inoculum"	"1"	"K00626; acetyl-CoA C-acetyltransferase
[EC:2.3.1.9]"	69.103
"Nitrifying_Day0_rep2_RNA"	"RNA"	"Week 0"	"Inoculum"	"2"	"K00626; acetyl-CoA C-acetyltransferase
[EC:2.3.1.9]"	96.213
"Nitrifying_Day0_rep3_RNA"	"RNA"	"Week 0"	"Inoculum"	"3"	"K00626; acetyl-CoA C-acetyltransferase
[EC:2.3.1.9]"	72.915
"Nitrifying_Week4_Aerobic_rep1_RNA"	"RNA"	"Week 4"	"Aerobic"	"1"	"K00626; acetyl-CoA C-acetyltransferase
[EC:2.3.1.9]"	569.944
"Nitrifying_Week4_Aerobic_rep2_RNA"	"RNA"	"Week 4"	"Aerobic"	"2"	"K00626; acetyl-CoA C-acetyltransferase
[EC:2.3.1.9]"	32.95
"Nitrifying_Week4_Aerobic_rep3_RNA"	"RNA"	"Week 4"	"Aerobic"	"3"	"K00626; acetyl-CoA C-acetyltransferase
[EC:2.3.1.9]"	39.379
"Nitrifying_Week4_Ironreduction_rep1_RNA"	"RNA"	"Week 4"	"Iron reduction"	"1"	"K00626; acetyl-CoA C-acetyltransferase
[EC:2.3.1.9]"	7.966
"Nitrifying_Week4_Ironreduction_rep2_RNA"	"RNA"	"Week 4"	"Iron reduction"	"2"	"K00626; acetyl-CoA C-acetyltransferase
[EC:2.3.1.9]"	133.529
"Nitrifying_Week4_Ironreduction_rep3_RNA"	"RNA"	"Week 4"	"Iron reduction"	"3"	"K00626; acetyl-CoA C-acetyltransferase
[EC:2.3.1.9]"	5.805
"Nitrifying_Week4_Nitratereduction_rep1_RNA"	"RNA"	"Week 4"	"Nitrate reduction"	"1"	"K00626; acetyl-CoA C-acetyltransferase
[EC:2.3.1.9]"	103.809
"Nitrifying_Week4_Nitratereduction_rep2_RNA"	"RNA"	"Week 4"	"Nitrate reduction"	"2"	"K00626; acetyl-CoA C-acetyltransferase
[EC:2.3.1.9]"	102.498
"Nitrifying_Week4_Sulphatereduction_rep1_RNA"	"RNA"	"Week 4"	"Sulphate reduction"	"1"	"K00626; acetyl-CoA C-acetyltransferase
[EC:2.3.1.9]"	123.465
"Nitrifying_Week4_Sulphatereduction_rep2_RNA"	"RNA"	"Week 4"	"Sulphate reduction"	"2"	"K00626; acetyl-CoA C-acetyltransferase
[EC:2.3.1.9]"	103.287
"Nitrifying_Week8_Aerobic_rep1_RNA"	"RNA"	"Week 8"	"Aerobic"	"1"	"K00626; acetyl-CoA C-acetyltransferase
[EC:2.3.1.9]"	26.201
"Nitrifying_Week8_Aerobic_rep2_RNA"	"RNA"	"Week 8"	"Aerobic"	"2"	"K00626; acetyl-CoA C-acetyltransferase
[EC:2.3.1.9]"	51.788
"Nitrifying_Week8_Aerobic_rep3_RNA"	"RNA"	"Week 8"	"Aerobic"	"3"	"K00626; acetyl-CoA C-acetyltransferase
[EC:2.3.1.9]"	21.157
"Nitrifying_Week8_Ironreduction_rep3_RNA"	"RNA"	"Week 8"	"Iron reduction"	"3"	"K00626; acetyl-CoA C-acetyltransferase
[EC:2.3.1.9]"	7.542
"Nitrifying_Week8_Nitratereduction_rep1_RNA"	"RNA"	"Week 8"	"Nitrate reduction"	"1"	"K00626; acetyl-CoA C-acetyltransferase
[EC:2.3.1.9]"	167.599
"Nitrifying_Week8_Nitratereduction_rep2_RNA"	"RNA"	"Week 8"	"Nitrate reduction"	"2"	"K00626; acetyl-CoA C-acetyltransferase
[EC:2.3.1.9]"	39.606
"Nitrifying_Week8_Sulphatereduction_rep1_RNA"	"RNA"	"Week 8"	"Sulphate reduction"	"1"	"K00626; acetyl-CoA C-acetyltransferase
[EC:2.3.1.9]"	26.826
"Nitrifying_Week8_Sulphatereduction_rep2_RNA"	"RNA"	"Week 8"	"Sulphate reduction"	"2"	"K00626; acetyl-CoA C-acetyltransferase
[EC:2.3.1.9]"	81.143
"Nitrifying_Week8_Sulphatereduction_rep3_RNA"	"RNA"	"Week 8"	"Sulphate reduction"	"3"	"K00626; acetyl-CoA C-acetyltransferase
[EC:2.3.1.9]"	147.699
"Nitrifying_Day0_rep1_DNA"	"DNA"	"Week 0"	"Inoculum"	"1"	"K00382; dihydrolipoamide dehydrogenase
[EC:1.8.1.4]"	737.762
"Nitrifying_Day0_rep2_DNA"	"DNA"	"Week 0"	"Inoculum"	"2"	"K00382; dihydrolipoamide dehydrogenase
[EC:1.8.1.4]"	754.514
"Nitrifying_Day0_rep3_DNA"	"DNA"	"Week 0"	"Inoculum"	"3"	"K00382; dihydrolipoamide dehydrogenase
[EC:1.8.1.4]"	765.457
"Nitrifying_Week4_Aerobic_rep1_DNA"	"DNA"	"Week 4"	"Aerobic"	"1"	"K00382; dihydrolipoamide dehydrogenase
[EC:1.8.1.4]"	574.977
"Nitrifying_Week4_Aerobic_rep2_DNA"	"DNA"	"Week 4"	"Aerobic"	"2"	"K00382; dihydrolipoamide dehydrogenase
[EC:1.8.1.4]"	612.3
"Nitrifying_Week4_Aerobic_rep3_DNA"	"DNA"	"Week 4"	"Aerobic"	"3"	"K00382; dihydrolipoamide dehydrogenase
[EC:1.8.1.4]"	521.25
"Nitrifying_Week4_Ironreduction_rep1_DNA"	"DNA"	"Week 4"	"Iron reduction"	"1"	"K00382; dihydrolipoamide dehydrogenase
[EC:1.8.1.4]"	633.084
"Nitrifying_Week4_Ironreduction_rep2_DNA"	"DNA"	"Week 4"	"Iron reduction"	"2"	"K00382; dihydrolipoamide dehydrogenase
[EC:1.8.1.4]"	673.798
"Nitrifying_Week4_Ironreduction_rep3_DNA"	"DNA"	"Week 4"	"Iron reduction"	"3"	"K00382; dihydrolipoamide dehydrogenase
[EC:1.8.1.4]"	706.047
"Nitrifying_Week4_Nitratereduction_rep1_DNA"	"DNA"	"Week 4"	"Nitrate reduction"	"1"	"K00382; dihydrolipoamide dehydrogenase
[EC:1.8.1.4]"	562.704
"Nitrifying_Week4_Nitratereduction_rep2_DNA"	"DNA"	"Week 4"	"Nitrate reduction"	"2"	"K00382; dihydrolipoamide dehydrogenase
[EC:1.8.1.4]"	601.679
"Nitrifying_Week4_Sulphatereduction_rep1_DNA"	"DNA"	"Week 4"	"Sulphate reduction"	"1"	"K00382; dihydrolipoamide dehydrogenase
[EC:1.8.1.4]"	647.063
"Nitrifying_Week4_Sulphatereduction_rep2_DNA"	"DNA"	"Week 4"	"Sulphate reduction"	"2"	"K00382; dihydrolipoamide dehydrogenase
[EC:1.8.1.4]"	635.335
"Nitrifying_Week4_Sulphatereduction_rep3_DNA"	"DNA"	"Week 4"	"Sulphate reduction"	"3"	"K00382; dihydrolipoamide dehydrogenase
[EC:1.8.1.4]"	576.65
"Nitrifying_Week8_Aerobic_rep1_DNA"	"DNA"	"Week 8"	"Aerobic"	"1"	"K00382; dihydrolipoamide dehydrogenase
[EC:1.8.1.4]"	365.727
"Nitrifying_Week8_Aerobic_rep2_DNA"	"DNA"	"Week 8"	"Aerobic"	"2"	"K00382; dihydrolipoamide dehydrogenase
[EC:1.8.1.4]"	349.737
"Nitrifying_Week8_Aerobic_rep3_DNA"	"DNA"	"Week 8"	"Aerobic"	"3"	"K00382; dihydrolipoamide dehydrogenase
[EC:1.8.1.4]"	484.547
"Nitrifying_Week8_Ironreduction_rep1_DNA"	"DNA"	"Week 8"	"Iron reduction"	"1"	"K00382; dihydrolipoamide dehydrogenase
[EC:1.8.1.4]"	604.325
"Nitrifying_Week8_Ironreduction_rep2_DNA"	"DNA"	"Week 8"	"Iron reduction"	"2"	"K00382; dihydrolipoamide dehydrogenase
[EC:1.8.1.4]"	601.596
"Nitrifying_Week8_Ironreduction_rep3_DNA"	"DNA"	"Week 8"	"Iron reduction"	"3"	"K00382; dihydrolipoamide dehydrogenase
[EC:1.8.1.4]"	693.66
"Nitrifying_Week8_Nitratereduction_rep1_DNA"	"DNA"	"Week 8"	"Nitrate reduction"	"1"	"K00382; dihydrolipoamide dehydrogenase
[EC:1.8.1.4]"	551.828
"Nitrifying_Week8_Nitratereduction_rep2_DNA"	"DNA"	"Week 8"	"Nitrate reduction"	"2"	"K00382; dihydrolipoamide dehydrogenase
[EC:1.8.1.4]"	549.495
"Nitrifying_Week8_Nitratereduction_rep3_DNA"	"DNA"	"Week 8"	"Nitrate reduction"	"3"	"K00382; dihydrolipoamide dehydrogenase
[EC:1.8.1.4]"	625.307
"Nitrifying_Week8_Sulphatereduction_rep1_DNA"	"DNA"	"Week 8"	"Sulphate reduction"	"1"	"K00382; dihydrolipoamide dehydrogenase
[EC:1.8.1.4]"	668.013
"Nitrifying_Week8_Sulphatereduction_rep2_DNA"	"DNA"	"Week 8"	"Sulphate reduction"	"2"	"K00382; dihydrolipoamide dehydrogenase
[EC:1.8.1.4]"	688.595
"Nitrifying_Week8_Sulphatereduction_rep3_DNA"	"DNA"	"Week 8"	"Sulphate reduction"	"3"	"K00382; dihydrolipoamide dehydrogenase
[EC:1.8.1.4]"	645.958
"Nitrifying_Day0_rep1_RNA"	"RNA"	"Week 0"	"Inoculum"	"1"	"K00382; dihydrolipoamide dehydrogenase
[EC:1.8.1.4]"	31.757
"Nitrifying_Day0_rep2_RNA"	"RNA"	"Week 0"	"Inoculum"	"2"	"K00382; dihydrolipoamide dehydrogenase
[EC:1.8.1.4]"	45.883
"Nitrifying_Day0_rep3_RNA"	"RNA"	"Week 0"	"Inoculum"	"3"	"K00382; dihydrolipoamide dehydrogenase
[EC:1.8.1.4]"	34.883
"Nitrifying_Week4_Aerobic_rep1_RNA"	"RNA"	"Week 4"	"Aerobic"	"1"	"K00382; dihydrolipoamide dehydrogenase
[EC:1.8.1.4]"	200.791
"Nitrifying_Week4_Aerobic_rep2_RNA"	"RNA"	"Week 4"	"Aerobic"	"2"	"K00382; dihydrolipoamide dehydrogenase
[EC:1.8.1.4]"	20.848
"Nitrifying_Week4_Aerobic_rep3_RNA"	"RNA"	"Week 4"	"Aerobic"	"3"	"K00382; dihydrolipoamide dehydrogenase
[EC:1.8.1.4]"	35.355
"Nitrifying_Week4_Ironreduction_rep1_RNA"	"RNA"	"Week 4"	"Iron reduction"	"1"	"K00382; dihydrolipoamide dehydrogenase
[EC:1.8.1.4]"	28.386
"Nitrifying_Week4_Ironreduction_rep2_RNA"	"RNA"	"Week 4"	"Iron reduction"	"2"	"K00382; dihydrolipoamide dehydrogenase
[EC:1.8.1.4]"	233.205
"Nitrifying_Week4_Ironreduction_rep3_RNA"	"RNA"	"Week 4"	"Iron reduction"	"3"	"K00382; dihydrolipoamide dehydrogenase
[EC:1.8.1.4]"	23.763
"Nitrifying_Week4_Nitratereduction_rep1_RNA"	"RNA"	"Week 4"	"Nitrate reduction"	"1"	"K00382; dihydrolipoamide dehydrogenase
[EC:1.8.1.4]"	128.969
"Nitrifying_Week4_Nitratereduction_rep2_RNA"	"RNA"	"Week 4"	"Nitrate reduction"	"2"	"K00382; dihydrolipoamide dehydrogenase
[EC:1.8.1.4]"	216.427
"Nitrifying_Week4_Sulphatereduction_rep1_RNA"	"RNA"	"Week 4"	"Sulphate reduction"	"1"	"K00382; dihydrolipoamide dehydrogenase
[EC:1.8.1.4]"	171.09
"Nitrifying_Week4_Sulphatereduction_rep2_RNA"	"RNA"	"Week 4"	"Sulphate reduction"	"2"	"K00382; dihydrolipoamide dehydrogenase
[EC:1.8.1.4]"	325.781
"Nitrifying_Week8_Aerobic_rep1_RNA"	"RNA"	"Week 8"	"Aerobic"	"1"	"K00382; dihydrolipoamide dehydrogenase
[EC:1.8.1.4]"	12.302
"Nitrifying_Week8_Aerobic_rep2_RNA"	"RNA"	"Week 8"	"Aerobic"	"2"	"K00382; dihydrolipoamide dehydrogenase
[EC:1.8.1.4]"	17.362
"Nitrifying_Week8_Aerobic_rep3_RNA"	"RNA"	"Week 8"	"Aerobic"	"3"	"K00382; dihydrolipoamide dehydrogenase
[EC:1.8.1.4]"	20.31
"Nitrifying_Week8_Ironreduction_rep3_RNA"	"RNA"	"Week 8"	"Iron reduction"	"3"	"K00382; dihydrolipoamide dehydrogenase
[EC:1.8.1.4]"	17.458
"Nitrifying_Week8_Nitratereduction_rep1_RNA"	"RNA"	"Week 8"	"Nitrate reduction"	"1"	"K00382; dihydrolipoamide dehydrogenase
[EC:1.8.1.4]"	163.064
"Nitrifying_Week8_Nitratereduction_rep2_RNA"	"RNA"	"Week 8"	"Nitrate reduction"	"2"	"K00382; dihydrolipoamide dehydrogenase
[EC:1.8.1.4]"	38.762
"Nitrifying_Week8_Sulphatereduction_rep1_RNA"	"RNA"	"Week 8"	"Sulphate reduction"	"1"	"K00382; dihydrolipoamide dehydrogenase
[EC:1.8.1.4]"	35.809
"Nitrifying_Week8_Sulphatereduction_rep2_RNA"	"RNA"	"Week 8"	"Sulphate reduction"	"2"	"K00382; dihydrolipoamide dehydrogenase
[EC:1.8.1.4]"	201.969
"Nitrifying_Week8_Sulphatereduction_rep3_RNA"	"RNA"	"Week 8"	"Sulphate reduction"	"3"	"K00382; dihydrolipoamide dehydrogenase
[EC:1.8.1.4]"	299.884
"Nitrifying_Day0_rep1_DNA"	"DNA"	"Week 0"	"Inoculum"	"1"	"K01915; glutamine synthetase [EC:6.3.1.2]"	415.872
"Nitrifying_Day0_rep2_DNA"	"DNA"	"Week 0"	"Inoculum"	"2"	"K01915; glutamine synthetase [EC:6.3.1.2]"	406.937
"Nitrifying_Day0_rep3_DNA"	"DNA"	"Week 0"	"Inoculum"	"3"	"K01915; glutamine synthetase [EC:6.3.1.2]"	409.835
"Nitrifying_Week4_Aerobic_rep1_DNA"	"DNA"	"Week 4"	"Aerobic"	"1"	"K01915; glutamine synthetase [EC:6.3.1.2]"	620.12
"Nitrifying_Week4_Aerobic_rep2_DNA"	"DNA"	"Week 4"	"Aerobic"	"2"	"K01915; glutamine synthetase [EC:6.3.1.2]"	567.466
"Nitrifying_Week4_Aerobic_rep3_DNA"	"DNA"	"Week 4"	"Aerobic"	"3"	"K01915; glutamine synthetase [EC:6.3.1.2]"	510.5
"Nitrifying_Week4_Ironreduction_rep1_DNA"	"DNA"	"Week 4"	"Iron reduction"	"1"	"K01915; glutamine synthetase [EC:6.3.1.2]"	428.036
"Nitrifying_Week4_Ironreduction_rep2_DNA"	"DNA"	"Week 4"	"Iron reduction"	"2"	"K01915; glutamine synthetase [EC:6.3.1.2]"	424.405
"Nitrifying_Week4_Ironreduction_rep3_DNA"	"DNA"	"Week 4"	"Iron reduction"	"3"	"K01915; glutamine synthetase [EC:6.3.1.2]"	442.716
"Nitrifying_Week4_Nitratereduction_rep1_DNA"	"DNA"	"Week 4"	"Nitrate reduction"	"1"	"K01915; glutamine synthetase [EC:6.3.1.2]"	415.871
"Nitrifying_Week4_Nitratereduction_rep2_DNA"	"DNA"	"Week 4"	"Nitrate reduction"	"2"	"K01915; glutamine synthetase [EC:6.3.1.2]"	438.855
"Nitrifying_Week4_Sulphatereduction_rep1_DNA"	"DNA"	"Week 4"	"Sulphate reduction"	"1"	"K01915; glutamine synthetase [EC:6.3.1.2]"	456.64
"Nitrifying_Week4_Sulphatereduction_rep2_DNA"	"DNA"	"Week 4"	"Sulphate reduction"	"2"	"K01915; glutamine synthetase [EC:6.3.1.2]"	428.614
"Nitrifying_Week4_Sulphatereduction_rep3_DNA"	"DNA"	"Week 4"	"Sulphate reduction"	"3"	"K01915; glutamine synthetase [EC:6.3.1.2]"	377.187
"Nitrifying_Week8_Aerobic_rep1_DNA"	"DNA"	"Week 8"	"Aerobic"	"1"	"K01915; glutamine synthetase [EC:6.3.1.2]"	290.93
"Nitrifying_Week8_Aerobic_rep2_DNA"	"DNA"	"Week 8"	"Aerobic"	"2"	"K01915; glutamine synthetase [EC:6.3.1.2]"	277.926
"Nitrifying_Week8_Aerobic_rep3_DNA"	"DNA"	"Week 8"	"Aerobic"	"3"	"K01915; glutamine synthetase [EC:6.3.1.2]"	400.677
"Nitrifying_Week8_Ironreduction_rep1_DNA"	"DNA"	"Week 8"	"Iron reduction"	"1"	"K01915; glutamine synthetase [EC:6.3.1.2]"	452.46
"Nitrifying_Week8_Ironreduction_rep2_DNA"	"DNA"	"Week 8"	"Iron reduction"	"2"	"K01915; glutamine synthetase [EC:6.3.1.2]"	433.388
"Nitrifying_Week8_Ironreduction_rep3_DNA"	"DNA"	"Week 8"	"Iron reduction"	"3"	"K01915; glutamine synthetase [EC:6.3.1.2]"	430.323
"Nitrifying_Week8_Nitratereduction_rep1_DNA"	"DNA"	"Week 8"	"Nitrate reduction"	"1"	"K01915; glutamine synthetase [EC:6.3.1.2]"	400.265
"Nitrifying_Week8_Nitratereduction_rep2_DNA"	"DNA"	"Week 8"	"Nitrate reduction"	"2"	"K01915; glutamine synthetase [EC:6.3.1.2]"	391.224
"Nitrifying_Week8_Nitratereduction_rep3_DNA"	"DNA"	"Week 8"	"Nitrate reduction"	"3"	"K01915; glutamine synthetase [EC:6.3.1.2]"	400.593
"Nitrifying_Week8_Sulphatereduction_rep1_DNA"	"DNA"	"Week 8"	"Sulphate reduction"	"1"	"K01915; glutamine synthetase [EC:6.3.1.2]"	450.135
"Nitrifying_Week8_Sulphatereduction_rep2_DNA"	"DNA"	"Week 8"	"Sulphate reduction"	"2"	"K01915; glutamine synthetase [EC:6.3.1.2]"	448.912
"Nitrifying_Week8_Sulphatereduction_rep3_DNA"	"DNA"	"Week 8"	"Sulphate reduction"	"3"	"K01915; glutamine synthetase [EC:6.3.1.2]"	449.109
"Nitrifying_Day0_rep1_RNA"	"RNA"	"Week 0"	"Inoculum"	"1"	"K01915; glutamine synthetase [EC:6.3.1.2]"	77.651
"Nitrifying_Day0_rep2_RNA"	"RNA"	"Week 0"	"Inoculum"	"2"	"K01915; glutamine synthetase [EC:6.3.1.2]"	92.239
"Nitrifying_Day0_rep3_RNA"	"RNA"	"Week 0"	"Inoculum"	"3"	"K01915; glutamine synthetase [EC:6.3.1.2]"	68.713
"Nitrifying_Week4_Aerobic_rep1_RNA"	"RNA"	"Week 4"	"Aerobic"	"1"	"K01915; glutamine synthetase [EC:6.3.1.2]"	177.771
"Nitrifying_Week4_Aerobic_rep2_RNA"	"RNA"	"Week 4"	"Aerobic"	"2"	"K01915; glutamine synthetase [EC:6.3.1.2]"	28.066
"Nitrifying_Week4_Aerobic_rep3_RNA"	"RNA"	"Week 4"	"Aerobic"	"3"	"K01915; glutamine synthetase [EC:6.3.1.2]"	55.45
"Nitrifying_Week4_Ironreduction_rep1_RNA"	"RNA"	"Week 4"	"Iron reduction"	"1"	"K01915; glutamine synthetase [EC:6.3.1.2]"	11.614
"Nitrifying_Week4_Ironreduction_rep2_RNA"	"RNA"	"Week 4"	"Iron reduction"	"2"	"K01915; glutamine synthetase [EC:6.3.1.2]"	644.765
"Nitrifying_Week4_Ironreduction_rep3_RNA"	"RNA"	"Week 4"	"Iron reduction"	"3"	"K01915; glutamine synthetase [EC:6.3.1.2]"	7.661
"Nitrifying_Week4_Nitratereduction_rep1_RNA"	"RNA"	"Week 4"	"Nitrate reduction"	"1"	"K01915; glutamine synthetase [EC:6.3.1.2]"	906.203
"Nitrifying_Week4_Nitratereduction_rep2_RNA"	"RNA"	"Week 4"	"Nitrate reduction"	"2"	"K01915; glutamine synthetase [EC:6.3.1.2]"	486.683
"Nitrifying_Week4_Sulphatereduction_rep1_RNA"	"RNA"	"Week 4"	"Sulphate reduction"	"1"	"K01915; glutamine synthetase [EC:6.3.1.2]"	106.781
"Nitrifying_Week4_Sulphatereduction_rep2_RNA"	"RNA"	"Week 4"	"Sulphate reduction"	"2"	"K01915; glutamine synthetase [EC:6.3.1.2]"	525.503
"Nitrifying_Week8_Aerobic_rep1_RNA"	"RNA"	"Week 8"	"Aerobic"	"1"	"K01915; glutamine synthetase [EC:6.3.1.2]"	33.739
"Nitrifying_Week8_Aerobic_rep2_RNA"	"RNA"	"Week 8"	"Aerobic"	"2"	"K01915; glutamine synthetase [EC:6.3.1.2]"	25.924
"Nitrifying_Week8_Aerobic_rep3_RNA"	"RNA"	"Week 8"	"Aerobic"	"3"	"K01915; glutamine synthetase [EC:6.3.1.2]"	26.606
"Nitrifying_Week8_Ironreduction_rep3_RNA"	"RNA"	"Week 8"	"Iron reduction"	"3"	"K01915; glutamine synthetase [EC:6.3.1.2]"	8.386
"Nitrifying_Week8_Nitratereduction_rep1_RNA"	"RNA"	"Week 8"	"Nitrate reduction"	"1"	"K01915; glutamine synthetase [EC:6.3.1.2]"	876.503
"Nitrifying_Week8_Nitratereduction_rep2_RNA"	"RNA"	"Week 8"	"Nitrate reduction"	"2"	"K01915; glutamine synthetase [EC:6.3.1.2]"	84.109
"Nitrifying_Week8_Sulphatereduction_rep1_RNA"	"RNA"	"Week 8"	"Sulphate reduction"	"1"	"K01915; glutamine synthetase [EC:6.3.1.2]"	23.265
"Nitrifying_Week8_Sulphatereduction_rep2_RNA"	"RNA"	"Week 8"	"Sulphate reduction"	"2"	"K01915; glutamine synthetase [EC:6.3.1.2]"	537.912
"Nitrifying_Week8_Sulphatereduction_rep3_RNA"	"RNA"	"Week 8"	"Sulphate reduction"	"3"	"K01915; glutamine synthetase [EC:6.3.1.2]"	229.383
"Nitrifying_Day0_rep1_DNA"	"DNA"	"Week 0"	"Inoculum"	"1"	"K00248; butyryl-CoA dehydrogenase [EC:1.3.8.1]"	186.095
"Nitrifying_Day0_rep2_DNA"	"DNA"	"Week 0"	"Inoculum"	"2"	"K00248; butyryl-CoA dehydrogenase [EC:1.3.8.1]"	179.531
"Nitrifying_Day0_rep3_DNA"	"DNA"	"Week 0"	"Inoculum"	"3"	"K00248; butyryl-CoA dehydrogenase [EC:1.3.8.1]"	178.999
"Nitrifying_Week4_Aerobic_rep1_DNA"	"DNA"	"Week 4"	"Aerobic"	"1"	"K00248; butyryl-CoA dehydrogenase [EC:1.3.8.1]"	784.797
"Nitrifying_Week4_Aerobic_rep2_DNA"	"DNA"	"Week 4"	"Aerobic"	"2"	"K00248; butyryl-CoA dehydrogenase [EC:1.3.8.1]"	472.212
"Nitrifying_Week4_Aerobic_rep3_DNA"	"DNA"	"Week 4"	"Aerobic"	"3"	"K00248; butyryl-CoA dehydrogenase [EC:1.3.8.1]"	567.249
"Nitrifying_Week4_Ironreduction_rep1_DNA"	"DNA"	"Week 4"	"Iron reduction"	"1"	"K00248; butyryl-CoA dehydrogenase [EC:1.3.8.1]"	207.247
"Nitrifying_Week4_Ironreduction_rep2_DNA"	"DNA"	"Week 4"	"Iron reduction"	"2"	"K00248; butyryl-CoA dehydrogenase [EC:1.3.8.1]"	177.191
"Nitrifying_Week4_Ironreduction_rep3_DNA"	"DNA"	"Week 4"	"Iron reduction"	"3"	"K00248; butyryl-CoA dehydrogenase [EC:1.3.8.1]"	191.159
"Nitrifying_Week4_Nitratereduction_rep1_DNA"	"DNA"	"Week 4"	"Nitrate reduction"	"1"	"K00248; butyryl-CoA dehydrogenase [EC:1.3.8.1]"	210.389
"Nitrifying_Week4_Nitratereduction_rep2_DNA"	"DNA"	"Week 4"	"Nitrate reduction"	"2"	"K00248; butyryl-CoA dehydrogenase [EC:1.3.8.1]"	201.635
"Nitrifying_Week4_Sulphatereduction_rep1_DNA"	"DNA"	"Week 4"	"Sulphate reduction"	"1"	"K00248; butyryl-CoA dehydrogenase [EC:1.3.8.1]"	237.648
"Nitrifying_Week4_Sulphatereduction_rep2_DNA"	"DNA"	"Week 4"	"Sulphate reduction"	"2"	"K00248; butyryl-CoA dehydrogenase [EC:1.3.8.1]"	216.974
"Nitrifying_Week4_Sulphatereduction_rep3_DNA"	"DNA"	"Week 4"	"Sulphate reduction"	"3"	"K00248; butyryl-CoA dehydrogenase [EC:1.3.8.1]"	220.68
"Nitrifying_Week8_Aerobic_rep1_DNA"	"DNA"	"Week 8"	"Aerobic"	"1"	"K00248; butyryl-CoA dehydrogenase [EC:1.3.8.1]"	375.118
"Nitrifying_Week8_Aerobic_rep2_DNA"	"DNA"	"Week 8"	"Aerobic"	"2"	"K00248; butyryl-CoA dehydrogenase [EC:1.3.8.1]"	336.22
"Nitrifying_Week8_Aerobic_rep3_DNA"	"DNA"	"Week 8"	"Aerobic"	"3"	"K00248; butyryl-CoA dehydrogenase [EC:1.3.8.1]"	439.043
"Nitrifying_Week8_Ironreduction_rep1_DNA"	"DNA"	"Week 8"	"Iron reduction"	"1"	"K00248; butyryl-CoA dehydrogenase [EC:1.3.8.1]"	221.134
"Nitrifying_Week8_Ironreduction_rep2_DNA"	"DNA"	"Week 8"	"Iron reduction"	"2"	"K00248; butyryl-CoA dehydrogenase [EC:1.3.8.1]"	217.138
"Nitrifying_Week8_Ironreduction_rep3_DNA"	"DNA"	"Week 8"	"Iron reduction"	"3"	"K00248; butyryl-CoA dehydrogenase [EC:1.3.8.1]"	195.309
"Nitrifying_Week8_Nitratereduction_rep1_DNA"	"DNA"	"Week 8"	"Nitrate reduction"	"1"	"K00248; butyryl-CoA dehydrogenase [EC:1.3.8.1]"	206.811
"Nitrifying_Week8_Nitratereduction_rep2_DNA"	"DNA"	"Week 8"	"Nitrate reduction"	"2"	"K00248; butyryl-CoA dehydrogenase [EC:1.3.8.1]"	207.708
"Nitrifying_Week8_Nitratereduction_rep3_DNA"	"DNA"	"Week 8"	"Nitrate reduction"	"3"	"K00248; butyryl-CoA dehydrogenase [EC:1.3.8.1]"	169.971
"Nitrifying_Week8_Sulphatereduction_rep1_DNA"	"DNA"	"Week 8"	"Sulphate reduction"	"1"	"K00248; butyryl-CoA dehydrogenase [EC:1.3.8.1]"	226.284
"Nitrifying_Week8_Sulphatereduction_rep2_DNA"	"DNA"	"Week 8"	"Sulphate reduction"	"2"	"K00248; butyryl-CoA dehydrogenase [EC:1.3.8.1]"	211.458
"Nitrifying_Week8_Sulphatereduction_rep3_DNA"	"DNA"	"Week 8"	"Sulphate reduction"	"3"	"K00248; butyryl-CoA dehydrogenase [EC:1.3.8.1]"	285.289
"Nitrifying_Day0_rep1_RNA"	"RNA"	"Week 0"	"Inoculum"	"1"	"K00248; butyryl-CoA dehydrogenase [EC:1.3.8.1]"	25.057
"Nitrifying_Day0_rep2_RNA"	"RNA"	"Week 0"	"Inoculum"	"2"	"K00248; butyryl-CoA dehydrogenase [EC:1.3.8.1]"	38.535
"Nitrifying_Day0_rep3_RNA"	"RNA"	"Week 0"	"Inoculum"	"3"	"K00248; butyryl-CoA dehydrogenase [EC:1.3.8.1]"	22.799
"Nitrifying_Week4_Aerobic_rep1_RNA"	"RNA"	"Week 4"	"Aerobic"	"1"	"K00248; butyryl-CoA dehydrogenase [EC:1.3.8.1]"	183.551
"Nitrifying_Week4_Aerobic_rep2_RNA"	"RNA"	"Week 4"	"Aerobic"	"2"	"K00248; butyryl-CoA dehydrogenase [EC:1.3.8.1]"	8.073
"Nitrifying_Week4_Aerobic_rep3_RNA"	"RNA"	"Week 4"	"Aerobic"	"3"	"K00248; butyryl-CoA dehydrogenase [EC:1.3.8.1]"	22.433
"Nitrifying_Week4_Ironreduction_rep1_RNA"	"RNA"	"Week 4"	"Iron reduction"	"1"	"K00248; butyryl-CoA dehydrogenase [EC:1.3.8.1]"	70.739
"Nitrifying_Week4_Ironreduction_rep2_RNA"	"RNA"	"Week 4"	"Iron reduction"	"2"	"K00248; butyryl-CoA dehydrogenase [EC:1.3.8.1]"	308.377
"Nitrifying_Week4_Ironreduction_rep3_RNA"	"RNA"	"Week 4"	"Iron reduction"	"3"	"K00248; butyryl-CoA dehydrogenase [EC:1.3.8.1]"	7.083
"Nitrifying_Week4_Nitratereduction_rep1_RNA"	"RNA"	"Week 4"	"Nitrate reduction"	"1"	"K00248; butyryl-CoA dehydrogenase [EC:1.3.8.1]"	451.795
"Nitrifying_Week4_Nitratereduction_rep2_RNA"	"RNA"	"Week 4"	"Nitrate reduction"	"2"	"K00248; butyryl-CoA dehydrogenase [EC:1.3.8.1]"	172.936
"Nitrifying_Week4_Sulphatereduction_rep1_RNA"	"RNA"	"Week 4"	"Sulphate reduction"	"1"	"K00248; butyryl-CoA dehydrogenase [EC:1.3.8.1]"	103.25
"Nitrifying_Week4_Sulphatereduction_rep2_RNA"	"RNA"	"Week 4"	"Sulphate reduction"	"2"	"K00248; butyryl-CoA dehydrogenase [EC:1.3.8.1]"	222.724
"Nitrifying_Week8_Aerobic_rep1_RNA"	"RNA"	"Week 8"	"Aerobic"	"1"	"K00248; butyryl-CoA dehydrogenase [EC:1.3.8.1]"	4.179
"Nitrifying_Week8_Aerobic_rep2_RNA"	"RNA"	"Week 8"	"Aerobic"	"2"	"K00248; butyryl-CoA dehydrogenase [EC:1.3.8.1]"	6.972
"Nitrifying_Week8_Aerobic_rep3_RNA"	"RNA"	"Week 8"	"Aerobic"	"3"	"K00248; butyryl-CoA dehydrogenase [EC:1.3.8.1]"	5.396
"Nitrifying_Week8_Ironreduction_rep3_RNA"	"RNA"	"Week 8"	"Iron reduction"	"3"	"K00248; butyryl-CoA dehydrogenase [EC:1.3.8.1]"	4.468
"Nitrifying_Week8_Nitratereduction_rep1_RNA"	"RNA"	"Week 8"	"Nitrate reduction"	"1"	"K00248; butyryl-CoA dehydrogenase [EC:1.3.8.1]"	437.433
"Nitrifying_Week8_Nitratereduction_rep2_RNA"	"RNA"	"Week 8"	"Nitrate reduction"	"2"	"K00248; butyryl-CoA dehydrogenase [EC:1.3.8.1]"	20.18
"Nitrifying_Week8_Sulphatereduction_rep1_RNA"	"RNA"	"Week 8"	"Sulphate reduction"	"1"	"K00248; butyryl-CoA dehydrogenase [EC:1.3.8.1]"	20.919
"Nitrifying_Week8_Sulphatereduction_rep2_RNA"	"RNA"	"Week 8"	"Sulphate reduction"	"2"	"K00248; butyryl-CoA dehydrogenase [EC:1.3.8.1]"	237.641
"Nitrifying_Week8_Sulphatereduction_rep3_RNA"	"RNA"	"Week 8"	"Sulphate reduction"	"3"	"K00248; butyryl-CoA dehydrogenase [EC:1.3.8.1]"	248.42
"Nitrifying_Day0_rep1_DNA"	"DNA"	"Week 0"	"Inoculum"	"1"	"K00820; glucosamine---fructose-6-phosphate
aminotransferase (isomerizing) [EC:2.6.1.16]"	279.323
"Nitrifying_Day0_rep2_DNA"	"DNA"	"Week 0"	"Inoculum"	"2"	"K00820; glucosamine---fructose-6-phosphate
aminotransferase (isomerizing) [EC:2.6.1.16]"	291.031
"Nitrifying_Day0_rep3_DNA"	"DNA"	"Week 0"	"Inoculum"	"3"	"K00820; glucosamine---fructose-6-phosphate
aminotransferase (isomerizing) [EC:2.6.1.16]"	287.399
"Nitrifying_Week4_Aerobic_rep1_DNA"	"DNA"	"Week 4"	"Aerobic"	"1"	"K00820; glucosamine---fructose-6-phosphate
aminotransferase (isomerizing) [EC:2.6.1.16]"	289.962
"Nitrifying_Week4_Aerobic_rep2_DNA"	"DNA"	"Week 4"	"Aerobic"	"2"	"K00820; glucosamine---fructose-6-phosphate
aminotransferase (isomerizing) [EC:2.6.1.16]"	317.162
"Nitrifying_Week4_Aerobic_rep3_DNA"	"DNA"	"Week 4"	"Aerobic"	"3"	"K00820; glucosamine---fructose-6-phosphate
aminotransferase (isomerizing) [EC:2.6.1.16]"	261.032
"Nitrifying_Week4_Ironreduction_rep1_DNA"	"DNA"	"Week 4"	"Iron reduction"	"1"	"K00820; glucosamine---fructose-6-phosphate
aminotransferase (isomerizing) [EC:2.6.1.16]"	273.712
"Nitrifying_Week4_Ironreduction_rep2_DNA"	"DNA"	"Week 4"	"Iron reduction"	"2"	"K00820; glucosamine---fructose-6-phosphate
aminotransferase (isomerizing) [EC:2.6.1.16]"	270.917
"Nitrifying_Week4_Ironreduction_rep3_DNA"	"DNA"	"Week 4"	"Iron reduction"	"3"	"K00820; glucosamine---fructose-6-phosphate
aminotransferase (isomerizing) [EC:2.6.1.16]"	279.867
"Nitrifying_Week4_Nitratereduction_rep1_DNA"	"DNA"	"Week 4"	"Nitrate reduction"	"1"	"K00820; glucosamine---fructose-6-phosphate
aminotransferase (isomerizing) [EC:2.6.1.16]"	293.79
"Nitrifying_Week4_Nitratereduction_rep2_DNA"	"DNA"	"Week 4"	"Nitrate reduction"	"2"	"K00820; glucosamine---fructose-6-phosphate
aminotransferase (isomerizing) [EC:2.6.1.16]"	291.369
"Nitrifying_Week4_Sulphatereduction_rep1_DNA"	"DNA"	"Week 4"	"Sulphate reduction"	"1"	"K00820; glucosamine---fructose-6-phosphate
aminotransferase (isomerizing) [EC:2.6.1.16]"	270.655
"Nitrifying_Week4_Sulphatereduction_rep2_DNA"	"DNA"	"Week 4"	"Sulphate reduction"	"2"	"K00820; glucosamine---fructose-6-phosphate
aminotransferase (isomerizing) [EC:2.6.1.16]"	248.934
"Nitrifying_Week4_Sulphatereduction_rep3_DNA"	"DNA"	"Week 4"	"Sulphate reduction"	"3"	"K00820; glucosamine---fructose-6-phosphate
aminotransferase (isomerizing) [EC:2.6.1.16]"	230.357
"Nitrifying_Week8_Aerobic_rep1_DNA"	"DNA"	"Week 8"	"Aerobic"	"1"	"K00820; glucosamine---fructose-6-phosphate
aminotransferase (isomerizing) [EC:2.6.1.16]"	166.552
"Nitrifying_Week8_Aerobic_rep2_DNA"	"DNA"	"Week 8"	"Aerobic"	"2"	"K00820; glucosamine---fructose-6-phosphate
aminotransferase (isomerizing) [EC:2.6.1.16]"	161.973
"Nitrifying_Week8_Aerobic_rep3_DNA"	"DNA"	"Week 8"	"Aerobic"	"3"	"K00820; glucosamine---fructose-6-phosphate
aminotransferase (isomerizing) [EC:2.6.1.16]"	259.405
"Nitrifying_Week8_Ironreduction_rep1_DNA"	"DNA"	"Week 8"	"Iron reduction"	"1"	"K00820; glucosamine---fructose-6-phosphate
aminotransferase (isomerizing) [EC:2.6.1.16]"	260.45
"Nitrifying_Week8_Ironreduction_rep2_DNA"	"DNA"	"Week 8"	"Iron reduction"	"2"	"K00820; glucosamine---fructose-6-phosphate
aminotransferase (isomerizing) [EC:2.6.1.16]"	271.557
"Nitrifying_Week8_Ironreduction_rep3_DNA"	"DNA"	"Week 8"	"Iron reduction"	"3"	"K00820; glucosamine---fructose-6-phosphate
aminotransferase (isomerizing) [EC:2.6.1.16]"	279.04
"Nitrifying_Week8_Nitratereduction_rep1_DNA"	"DNA"	"Week 8"	"Nitrate reduction"	"1"	"K00820; glucosamine---fructose-6-phosphate
aminotransferase (isomerizing) [EC:2.6.1.16]"	300.639
"Nitrifying_Week8_Nitratereduction_rep2_DNA"	"DNA"	"Week 8"	"Nitrate reduction"	"2"	"K00820; glucosamine---fructose-6-phosphate
aminotransferase (isomerizing) [EC:2.6.1.16]"	289.219
"Nitrifying_Week8_Nitratereduction_rep3_DNA"	"DNA"	"Week 8"	"Nitrate reduction"	"3"	"K00820; glucosamine---fructose-6-phosphate
aminotransferase (isomerizing) [EC:2.6.1.16]"	269.47
"Nitrifying_Week8_Sulphatereduction_rep1_DNA"	"DNA"	"Week 8"	"Sulphate reduction"	"1"	"K00820; glucosamine---fructose-6-phosphate
aminotransferase (isomerizing) [EC:2.6.1.16]"	287.076
"Nitrifying_Week8_Sulphatereduction_rep2_DNA"	"DNA"	"Week 8"	"Sulphate reduction"	"2"	"K00820; glucosamine---fructose-6-phosphate
aminotransferase (isomerizing) [EC:2.6.1.16]"	276.87
"Nitrifying_Week8_Sulphatereduction_rep3_DNA"	"DNA"	"Week 8"	"Sulphate reduction"	"3"	"K00820; glucosamine---fructose-6-phosphate
aminotransferase (isomerizing) [EC:2.6.1.16]"	275.415
"Nitrifying_Day0_rep1_RNA"	"RNA"	"Week 0"	"Inoculum"	"1"	"K00820; glucosamine---fructose-6-phosphate
aminotransferase (isomerizing) [EC:2.6.1.16]"	17.966
"Nitrifying_Day0_rep2_RNA"	"RNA"	"Week 0"	"Inoculum"	"2"	"K00820; glucosamine---fructose-6-phosphate
aminotransferase (isomerizing) [EC:2.6.1.16]"	22.693
"Nitrifying_Day0_rep3_RNA"	"RNA"	"Week 0"	"Inoculum"	"3"	"K00820; glucosamine---fructose-6-phosphate
aminotransferase (isomerizing) [EC:2.6.1.16]"	15.727
"Nitrifying_Week4_Aerobic_rep1_RNA"	"RNA"	"Week 4"	"Aerobic"	"1"	"K00820; glucosamine---fructose-6-phosphate
aminotransferase (isomerizing) [EC:2.6.1.16]"	73.03
"Nitrifying_Week4_Aerobic_rep2_RNA"	"RNA"	"Week 4"	"Aerobic"	"2"	"K00820; glucosamine---fructose-6-phosphate
aminotransferase (isomerizing) [EC:2.6.1.16]"	9.768
"Nitrifying_Week4_Aerobic_rep3_RNA"	"RNA"	"Week 4"	"Aerobic"	"3"	"K00820; glucosamine---fructose-6-phosphate
aminotransferase (isomerizing) [EC:2.6.1.16]"	18.519
"Nitrifying_Week4_Ironreduction_rep1_RNA"	"RNA"	"Week 4"	"Iron reduction"	"1"	"K00820; glucosamine---fructose-6-phosphate
aminotransferase (isomerizing) [EC:2.6.1.16]"	15.821
"Nitrifying_Week4_Ironreduction_rep2_RNA"	"RNA"	"Week 4"	"Iron reduction"	"2"	"K00820; glucosamine---fructose-6-phosphate
aminotransferase (isomerizing) [EC:2.6.1.16]"	325.352
"Nitrifying_Week4_Ironreduction_rep3_RNA"	"RNA"	"Week 4"	"Iron reduction"	"3"	"K00820; glucosamine---fructose-6-phosphate
aminotransferase (isomerizing) [EC:2.6.1.16]"	11.475
"Nitrifying_Week4_Nitratereduction_rep1_RNA"	"RNA"	"Week 4"	"Nitrate reduction"	"1"	"K00820; glucosamine---fructose-6-phosphate
aminotransferase (isomerizing) [EC:2.6.1.16]"	302.419
"Nitrifying_Week4_Nitratereduction_rep2_RNA"	"RNA"	"Week 4"	"Nitrate reduction"	"2"	"K00820; glucosamine---fructose-6-phosphate
aminotransferase (isomerizing) [EC:2.6.1.16]"	245.211
"Nitrifying_Week4_Sulphatereduction_rep1_RNA"	"RNA"	"Week 4"	"Sulphate reduction"	"1"	"K00820; glucosamine---fructose-6-phosphate
aminotransferase (isomerizing) [EC:2.6.1.16]"	111.92
"Nitrifying_Week4_Sulphatereduction_rep2_RNA"	"RNA"	"Week 4"	"Sulphate reduction"	"2"	"K00820; glucosamine---fructose-6-phosphate
aminotransferase (isomerizing) [EC:2.6.1.16]"	331.865
"Nitrifying_Week8_Aerobic_rep1_RNA"	"RNA"	"Week 8"	"Aerobic"	"1"	"K00820; glucosamine---fructose-6-phosphate
aminotransferase (isomerizing) [EC:2.6.1.16]"	8.749
"Nitrifying_Week8_Aerobic_rep2_RNA"	"RNA"	"Week 8"	"Aerobic"	"2"	"K00820; glucosamine---fructose-6-phosphate
aminotransferase (isomerizing) [EC:2.6.1.16]"	12.176
"Nitrifying_Week8_Aerobic_rep3_RNA"	"RNA"	"Week 8"	"Aerobic"	"3"	"K00820; glucosamine---fructose-6-phosphate
aminotransferase (isomerizing) [EC:2.6.1.16]"	11.295
"Nitrifying_Week8_Ironreduction_rep3_RNA"	"RNA"	"Week 8"	"Iron reduction"	"3"	"K00820; glucosamine---fructose-6-phosphate
aminotransferase (isomerizing) [EC:2.6.1.16]"	6.109
"Nitrifying_Week8_Nitratereduction_rep1_RNA"	"RNA"	"Week 8"	"Nitrate reduction"	"1"	"K00820; glucosamine---fructose-6-phosphate
aminotransferase (isomerizing) [EC:2.6.1.16]"	309.208
"Nitrifying_Week8_Nitratereduction_rep2_RNA"	"RNA"	"Week 8"	"Nitrate reduction"	"2"	"K00820; glucosamine---fructose-6-phosphate
aminotransferase (isomerizing) [EC:2.6.1.16]"	28.229
"Nitrifying_Week8_Sulphatereduction_rep1_RNA"	"RNA"	"Week 8"	"Sulphate reduction"	"1"	"K00820; glucosamine---fructose-6-phosphate
aminotransferase (isomerizing) [EC:2.6.1.16]"	30.034
"Nitrifying_Week8_Sulphatereduction_rep2_RNA"	"RNA"	"Week 8"	"Sulphate reduction"	"2"	"K00820; glucosamine---fructose-6-phosphate
aminotransferase (isomerizing) [EC:2.6.1.16]"	291.278
"Nitrifying_Week8_Sulphatereduction_rep3_RNA"	"RNA"	"Week 8"	"Sulphate reduction"	"3"	"K00820; glucosamine---fructose-6-phosphate
aminotransferase (isomerizing) [EC:2.6.1.16]"	200.655
"Nitrifying_Day0_rep1_DNA"	"DNA"	"Week 0"	"Inoculum"	"1"	"K01940; argininosuccinate synthase [EC:6.3.4.5]"	290.134
"Nitrifying_Day0_rep2_DNA"	"DNA"	"Week 0"	"Inoculum"	"2"	"K01940; argininosuccinate synthase [EC:6.3.4.5]"	299.78
"Nitrifying_Day0_rep3_DNA"	"DNA"	"Week 0"	"Inoculum"	"3"	"K01940; argininosuccinate synthase [EC:6.3.4.5]"	305.18
"Nitrifying_Week4_Aerobic_rep1_DNA"	"DNA"	"Week 4"	"Aerobic"	"1"	"K01940; argininosuccinate synthase [EC:6.3.4.5]"	200.871
"Nitrifying_Week4_Aerobic_rep2_DNA"	"DNA"	"Week 4"	"Aerobic"	"2"	"K01940; argininosuccinate synthase [EC:6.3.4.5]"	229.921
"Nitrifying_Week4_Aerobic_rep3_DNA"	"DNA"	"Week 4"	"Aerobic"	"3"	"K01940; argininosuccinate synthase [EC:6.3.4.5]"	253.398
"Nitrifying_Week4_Ironreduction_rep1_DNA"	"DNA"	"Week 4"	"Iron reduction"	"1"	"K01940; argininosuccinate synthase [EC:6.3.4.5]"	276.834
"Nitrifying_Week4_Ironreduction_rep2_DNA"	"DNA"	"Week 4"	"Iron reduction"	"2"	"K01940; argininosuccinate synthase [EC:6.3.4.5]"	277.509
"Nitrifying_Week4_Ironreduction_rep3_DNA"	"DNA"	"Week 4"	"Iron reduction"	"3"	"K01940; argininosuccinate synthase [EC:6.3.4.5]"	299.153
"Nitrifying_Week4_Nitratereduction_rep1_DNA"	"DNA"	"Week 4"	"Nitrate reduction"	"1"	"K01940; argininosuccinate synthase [EC:6.3.4.5]"	226.9
"Nitrifying_Week4_Nitratereduction_rep2_DNA"	"DNA"	"Week 4"	"Nitrate reduction"	"2"	"K01940; argininosuccinate synthase [EC:6.3.4.5]"	236.625
"Nitrifying_Week4_Sulphatereduction_rep1_DNA"	"DNA"	"Week 4"	"Sulphate reduction"	"1"	"K01940; argininosuccinate synthase [EC:6.3.4.5]"	266.898
"Nitrifying_Week4_Sulphatereduction_rep2_DNA"	"DNA"	"Week 4"	"Sulphate reduction"	"2"	"K01940; argininosuccinate synthase [EC:6.3.4.5]"	244.343
"Nitrifying_Week4_Sulphatereduction_rep3_DNA"	"DNA"	"Week 4"	"Sulphate reduction"	"3"	"K01940; argininosuccinate synthase [EC:6.3.4.5]"	220.355
"Nitrifying_Week8_Aerobic_rep1_DNA"	"DNA"	"Week 8"	"Aerobic"	"1"	"K01940; argininosuccinate synthase [EC:6.3.4.5]"	144.439
"Nitrifying_Week8_Aerobic_rep2_DNA"	"DNA"	"Week 8"	"Aerobic"	"2"	"K01940; argininosuccinate synthase [EC:6.3.4.5]"	141.94
"Nitrifying_Week8_Aerobic_rep3_DNA"	"DNA"	"Week 8"	"Aerobic"	"3"	"K01940; argininosuccinate synthase [EC:6.3.4.5]"	233.813
"Nitrifying_Week8_Ironreduction_rep1_DNA"	"DNA"	"Week 8"	"Iron reduction"	"1"	"K01940; argininosuccinate synthase [EC:6.3.4.5]"	267.458
"Nitrifying_Week8_Ironreduction_rep2_DNA"	"DNA"	"Week 8"	"Iron reduction"	"2"	"K01940; argininosuccinate synthase [EC:6.3.4.5]"	259.014
"Nitrifying_Week8_Ironreduction_rep3_DNA"	"DNA"	"Week 8"	"Iron reduction"	"3"	"K01940; argininosuccinate synthase [EC:6.3.4.5]"	291.922
"Nitrifying_Week8_Nitratereduction_rep1_DNA"	"DNA"	"Week 8"	"Nitrate reduction"	"1"	"K01940; argininosuccinate synthase [EC:6.3.4.5]"	231.972
"Nitrifying_Week8_Nitratereduction_rep2_DNA"	"DNA"	"Week 8"	"Nitrate reduction"	"2"	"K01940; argininosuccinate synthase [EC:6.3.4.5]"	228.285
"Nitrifying_Week8_Nitratereduction_rep3_DNA"	"DNA"	"Week 8"	"Nitrate reduction"	"3"	"K01940; argininosuccinate synthase [EC:6.3.4.5]"	243.274
"Nitrifying_Week8_Sulphatereduction_rep1_DNA"	"DNA"	"Week 8"	"Sulphate reduction"	"1"	"K01940; argininosuccinate synthase [EC:6.3.4.5]"	269.938
"Nitrifying_Week8_Sulphatereduction_rep2_DNA"	"DNA"	"Week 8"	"Sulphate reduction"	"2"	"K01940; argininosuccinate synthase [EC:6.3.4.5]"	282.549
"Nitrifying_Week8_Sulphatereduction_rep3_DNA"	"DNA"	"Week 8"	"Sulphate reduction"	"3"	"K01940; argininosuccinate synthase [EC:6.3.4.5]"	252.875
"Nitrifying_Day0_rep1_RNA"	"RNA"	"Week 0"	"Inoculum"	"1"	"K01940; argininosuccinate synthase [EC:6.3.4.5]"	17.916
"Nitrifying_Day0_rep2_RNA"	"RNA"	"Week 0"	"Inoculum"	"2"	"K01940; argininosuccinate synthase [EC:6.3.4.5]"	24.772
"Nitrifying_Day0_rep3_RNA"	"RNA"	"Week 0"	"Inoculum"	"3"	"K01940; argininosuccinate synthase [EC:6.3.4.5]"	17.905
"Nitrifying_Week4_Aerobic_rep1_RNA"	"RNA"	"Week 4"	"Aerobic"	"1"	"K01940; argininosuccinate synthase [EC:6.3.4.5]"	77.271
"Nitrifying_Week4_Aerobic_rep2_RNA"	"RNA"	"Week 4"	"Aerobic"	"2"	"K01940; argininosuccinate synthase [EC:6.3.4.5]"	10.761
"Nitrifying_Week4_Aerobic_rep3_RNA"	"RNA"	"Week 4"	"Aerobic"	"3"	"K01940; argininosuccinate synthase [EC:6.3.4.5]"	20.612
"Nitrifying_Week4_Ironreduction_rep1_RNA"	"RNA"	"Week 4"	"Iron reduction"	"1"	"K01940; argininosuccinate synthase [EC:6.3.4.5]"	4.078
"Nitrifying_Week4_Ironreduction_rep2_RNA"	"RNA"	"Week 4"	"Iron reduction"	"2"	"K01940; argininosuccinate synthase [EC:6.3.4.5]"	282.246
"Nitrifying_Week4_Ironreduction_rep3_RNA"	"RNA"	"Week 4"	"Iron reduction"	"3"	"K01940; argininosuccinate synthase [EC:6.3.4.5]"	4.032
"Nitrifying_Week4_Nitratereduction_rep1_RNA"	"RNA"	"Week 4"	"Nitrate reduction"	"1"	"K01940; argininosuccinate synthase [EC:6.3.4.5]"	657.04
"Nitrifying_Week4_Nitratereduction_rep2_RNA"	"RNA"	"Week 4"	"Nitrate reduction"	"2"	"K01940; argininosuccinate synthase [EC:6.3.4.5]"	173.96
"Nitrifying_Week4_Sulphatereduction_rep1_RNA"	"RNA"	"Week 4"	"Sulphate reduction"	"1"	"K01940; argininosuccinate synthase [EC:6.3.4.5]"	56.869
"Nitrifying_Week4_Sulphatereduction_rep2_RNA"	"RNA"	"Week 4"	"Sulphate reduction"	"2"	"K01940; argininosuccinate synthase [EC:6.3.4.5]"	268.558
"Nitrifying_Week8_Aerobic_rep1_RNA"	"RNA"	"Week 8"	"Aerobic"	"1"	"K01940; argininosuccinate synthase [EC:6.3.4.5]"	4.727
"Nitrifying_Week8_Aerobic_rep2_RNA"	"RNA"	"Week 8"	"Aerobic"	"2"	"K01940; argininosuccinate synthase [EC:6.3.4.5]"	16.458
"Nitrifying_Week8_Aerobic_rep3_RNA"	"RNA"	"Week 8"	"Aerobic"	"3"	"K01940; argininosuccinate synthase [EC:6.3.4.5]"	6.69
"Nitrifying_Week8_Ironreduction_rep3_RNA"	"RNA"	"Week 8"	"Iron reduction"	"3"	"K01940; argininosuccinate synthase [EC:6.3.4.5]"	5.101
"Nitrifying_Week8_Nitratereduction_rep1_RNA"	"RNA"	"Week 8"	"Nitrate reduction"	"1"	"K01940; argininosuccinate synthase [EC:6.3.4.5]"	479.486
"Nitrifying_Week8_Nitratereduction_rep2_RNA"	"RNA"	"Week 8"	"Nitrate reduction"	"2"	"K01940; argininosuccinate synthase [EC:6.3.4.5]"	26.262
"Nitrifying_Week8_Sulphatereduction_rep1_RNA"	"RNA"	"Week 8"	"Sulphate reduction"	"1"	"K01940; argininosuccinate synthase [EC:6.3.4.5]"	12.805
"Nitrifying_Week8_Sulphatereduction_rep2_RNA"	"RNA"	"Week 8"	"Sulphate reduction"	"2"	"K01940; argininosuccinate synthase [EC:6.3.4.5]"	244.423
"Nitrifying_Week8_Sulphatereduction_rep3_RNA"	"RNA"	"Week 8"	"Sulphate reduction"	"3"	"K01940; argininosuccinate synthase [EC:6.3.4.5]"	221.972
"Nitrifying_Day0_rep1_DNA"	"DNA"	"Week 0"	"Inoculum"	"1"	"K01955; carbamoyl-phosphate synthase large
subunit [EC:6.3.5.5]"	290.855
"Nitrifying_Day0_rep2_DNA"	"DNA"	"Week 0"	"Inoculum"	"2"	"K01955; carbamoyl-phosphate synthase large
subunit [EC:6.3.5.5]"	290.588
"Nitrifying_Day0_rep3_DNA"	"DNA"	"Week 0"	"Inoculum"	"3"	"K01955; carbamoyl-phosphate synthase large
subunit [EC:6.3.5.5]"	290.727
"Nitrifying_Week4_Aerobic_rep1_DNA"	"DNA"	"Week 4"	"Aerobic"	"1"	"K01955; carbamoyl-phosphate synthase large
subunit [EC:6.3.5.5]"	243.812
"Nitrifying_Week4_Aerobic_rep2_DNA"	"DNA"	"Week 4"	"Aerobic"	"2"	"K01955; carbamoyl-phosphate synthase large
subunit [EC:6.3.5.5]"	320.751
"Nitrifying_Week4_Aerobic_rep3_DNA"	"DNA"	"Week 4"	"Aerobic"	"3"	"K01955; carbamoyl-phosphate synthase large
subunit [EC:6.3.5.5]"	289.938
"Nitrifying_Week4_Ironreduction_rep1_DNA"	"DNA"	"Week 4"	"Iron reduction"	"1"	"K01955; carbamoyl-phosphate synthase large
subunit [EC:6.3.5.5]"	275.501
"Nitrifying_Week4_Ironreduction_rep2_DNA"	"DNA"	"Week 4"	"Iron reduction"	"2"	"K01955; carbamoyl-phosphate synthase large
subunit [EC:6.3.5.5]"	280.012
"Nitrifying_Week4_Ironreduction_rep3_DNA"	"DNA"	"Week 4"	"Iron reduction"	"3"	"K01955; carbamoyl-phosphate synthase large
subunit [EC:6.3.5.5]"	297.644
"Nitrifying_Week4_Nitratereduction_rep1_DNA"	"DNA"	"Week 4"	"Nitrate reduction"	"1"	"K01955; carbamoyl-phosphate synthase large
subunit [EC:6.3.5.5]"	285.584
"Nitrifying_Week4_Nitratereduction_rep2_DNA"	"DNA"	"Week 4"	"Nitrate reduction"	"2"	"K01955; carbamoyl-phosphate synthase large
subunit [EC:6.3.5.5]"	290.759
"Nitrifying_Week4_Sulphatereduction_rep1_DNA"	"DNA"	"Week 4"	"Sulphate reduction"	"1"	"K01955; carbamoyl-phosphate synthase large
subunit [EC:6.3.5.5]"	284.788
"Nitrifying_Week4_Sulphatereduction_rep2_DNA"	"DNA"	"Week 4"	"Sulphate reduction"	"2"	"K01955; carbamoyl-phosphate synthase large
subunit [EC:6.3.5.5]"	296.272
"Nitrifying_Week4_Sulphatereduction_rep3_DNA"	"DNA"	"Week 4"	"Sulphate reduction"	"3"	"K01955; carbamoyl-phosphate synthase large
subunit [EC:6.3.5.5]"	284.493
"Nitrifying_Week8_Aerobic_rep1_DNA"	"DNA"	"Week 8"	"Aerobic"	"1"	"K01955; carbamoyl-phosphate synthase large
subunit [EC:6.3.5.5]"	149.567
"Nitrifying_Week8_Aerobic_rep2_DNA"	"DNA"	"Week 8"	"Aerobic"	"2"	"K01955; carbamoyl-phosphate synthase large
subunit [EC:6.3.5.5]"	146.269
"Nitrifying_Week8_Aerobic_rep3_DNA"	"DNA"	"Week 8"	"Aerobic"	"3"	"K01955; carbamoyl-phosphate synthase large
subunit [EC:6.3.5.5]"	276.759
"Nitrifying_Week8_Ironreduction_rep1_DNA"	"DNA"	"Week 8"	"Iron reduction"	"1"	"K01955; carbamoyl-phosphate synthase large
subunit [EC:6.3.5.5]"	271.602
"Nitrifying_Week8_Ironreduction_rep2_DNA"	"DNA"	"Week 8"	"Iron reduction"	"2"	"K01955; carbamoyl-phosphate synthase large
subunit [EC:6.3.5.5]"	266.989
"Nitrifying_Week8_Ironreduction_rep3_DNA"	"DNA"	"Week 8"	"Iron reduction"	"3"	"K01955; carbamoyl-phosphate synthase large
subunit [EC:6.3.5.5]"	287.351
"Nitrifying_Week8_Nitratereduction_rep1_DNA"	"DNA"	"Week 8"	"Nitrate reduction"	"1"	"K01955; carbamoyl-phosphate synthase large
subunit [EC:6.3.5.5]"	291.797
"Nitrifying_Week8_Nitratereduction_rep2_DNA"	"DNA"	"Week 8"	"Nitrate reduction"	"2"	"K01955; carbamoyl-phosphate synthase large
subunit [EC:6.3.5.5]"	289.227
"Nitrifying_Week8_Nitratereduction_rep3_DNA"	"DNA"	"Week 8"	"Nitrate reduction"	"3"	"K01955; carbamoyl-phosphate synthase large
subunit [EC:6.3.5.5]"	276.209
"Nitrifying_Week8_Sulphatereduction_rep1_DNA"	"DNA"	"Week 8"	"Sulphate reduction"	"1"	"K01955; carbamoyl-phosphate synthase large
subunit [EC:6.3.5.5]"	285.761
"Nitrifying_Week8_Sulphatereduction_rep2_DNA"	"DNA"	"Week 8"	"Sulphate reduction"	"2"	"K01955; carbamoyl-phosphate synthase large
subunit [EC:6.3.5.5]"	286.672
"Nitrifying_Week8_Sulphatereduction_rep3_DNA"	"DNA"	"Week 8"	"Sulphate reduction"	"3"	"K01955; carbamoyl-phosphate synthase large
subunit [EC:6.3.5.5]"	287.926
"Nitrifying_Day0_rep1_RNA"	"RNA"	"Week 0"	"Inoculum"	"1"	"K01955; carbamoyl-phosphate synthase large
subunit [EC:6.3.5.5]"	18.244
"Nitrifying_Day0_rep2_RNA"	"RNA"	"Week 0"	"Inoculum"	"2"	"K01955; carbamoyl-phosphate synthase large
subunit [EC:6.3.5.5]"	29.253
"Nitrifying_Day0_rep3_RNA"	"RNA"	"Week 0"	"Inoculum"	"3"	"K01955; carbamoyl-phosphate synthase large
subunit [EC:6.3.5.5]"	15.234
"Nitrifying_Week4_Aerobic_rep1_RNA"	"RNA"	"Week 4"	"Aerobic"	"1"	"K01955; carbamoyl-phosphate synthase large
subunit [EC:6.3.5.5]"	58.992
"Nitrifying_Week4_Aerobic_rep2_RNA"	"RNA"	"Week 4"	"Aerobic"	"2"	"K01955; carbamoyl-phosphate synthase large
subunit [EC:6.3.5.5]"	10.904
"Nitrifying_Week4_Aerobic_rep3_RNA"	"RNA"	"Week 4"	"Aerobic"	"3"	"K01955; carbamoyl-phosphate synthase large
subunit [EC:6.3.5.5]"	21.838
"Nitrifying_Week4_Ironreduction_rep1_RNA"	"RNA"	"Week 4"	"Iron reduction"	"1"	"K01955; carbamoyl-phosphate synthase large
subunit [EC:6.3.5.5]"	3.589
"Nitrifying_Week4_Ironreduction_rep2_RNA"	"RNA"	"Week 4"	"Iron reduction"	"2"	"K01955; carbamoyl-phosphate synthase large
subunit [EC:6.3.5.5]"	153.279
"Nitrifying_Week4_Ironreduction_rep3_RNA"	"RNA"	"Week 4"	"Iron reduction"	"3"	"K01955; carbamoyl-phosphate synthase large
subunit [EC:6.3.5.5]"	6.931
"Nitrifying_Week4_Nitratereduction_rep1_RNA"	"RNA"	"Week 4"	"Nitrate reduction"	"1"	"K01955; carbamoyl-phosphate synthase large
subunit [EC:6.3.5.5]"	291.505
"Nitrifying_Week4_Nitratereduction_rep2_RNA"	"RNA"	"Week 4"	"Nitrate reduction"	"2"	"K01955; carbamoyl-phosphate synthase large
subunit [EC:6.3.5.5]"	88.816
"Nitrifying_Week4_Sulphatereduction_rep1_RNA"	"RNA"	"Week 4"	"Sulphate reduction"	"1"	"K01955; carbamoyl-phosphate synthase large
subunit [EC:6.3.5.5]"	34.34
"Nitrifying_Week4_Sulphatereduction_rep2_RNA"	"RNA"	"Week 4"	"Sulphate reduction"	"2"	"K01955; carbamoyl-phosphate synthase large
subunit [EC:6.3.5.5]"	201.329
"Nitrifying_Week8_Aerobic_rep1_RNA"	"RNA"	"Week 8"	"Aerobic"	"1"	"K01955; carbamoyl-phosphate synthase large
subunit [EC:6.3.5.5]"	5.865
"Nitrifying_Week8_Aerobic_rep2_RNA"	"RNA"	"Week 8"	"Aerobic"	"2"	"K01955; carbamoyl-phosphate synthase large
subunit [EC:6.3.5.5]"	9.963
"Nitrifying_Week8_Aerobic_rep3_RNA"	"RNA"	"Week 8"	"Aerobic"	"3"	"K01955; carbamoyl-phosphate synthase large
subunit [EC:6.3.5.5]"	7.908
"Nitrifying_Week8_Ironreduction_rep3_RNA"	"RNA"	"Week 8"	"Iron reduction"	"3"	"K01955; carbamoyl-phosphate synthase large
subunit [EC:6.3.5.5]"	5.717
"Nitrifying_Week8_Nitratereduction_rep1_RNA"	"RNA"	"Week 8"	"Nitrate reduction"	"1"	"K01955; carbamoyl-phosphate synthase large
subunit [EC:6.3.5.5]"	366.836
"Nitrifying_Week8_Nitratereduction_rep2_RNA"	"RNA"	"Week 8"	"Nitrate reduction"	"2"	"K01955; carbamoyl-phosphate synthase large
subunit [EC:6.3.5.5]"	15.299
"Nitrifying_Week8_Sulphatereduction_rep1_RNA"	"RNA"	"Week 8"	"Sulphate reduction"	"1"	"K01955; carbamoyl-phosphate synthase large
subunit [EC:6.3.5.5]"	6.119
"Nitrifying_Week8_Sulphatereduction_rep2_RNA"	"RNA"	"Week 8"	"Sulphate reduction"	"2"	"K01955; carbamoyl-phosphate synthase large
subunit [EC:6.3.5.5]"	160
"Nitrifying_Week8_Sulphatereduction_rep3_RNA"	"RNA"	"Week 8"	"Sulphate reduction"	"3"	"K01955; carbamoyl-phosphate synthase large
subunit [EC:6.3.5.5]"	217.048
"Nitrifying_Day0_rep1_DNA"	"DNA"	"Week 0"	"Inoculum"	"1"	"K01956; carbamoyl-phosphate synthase small
subunit [EC:6.3.5.5]"	281.28
"Nitrifying_Day0_rep2_DNA"	"DNA"	"Week 0"	"Inoculum"	"2"	"K01956; carbamoyl-phosphate synthase small
subunit [EC:6.3.5.5]"	284.7
"Nitrifying_Day0_rep3_DNA"	"DNA"	"Week 0"	"Inoculum"	"3"	"K01956; carbamoyl-phosphate synthase small
subunit [EC:6.3.5.5]"	279.709
"Nitrifying_Week4_Aerobic_rep1_DNA"	"DNA"	"Week 4"	"Aerobic"	"1"	"K01956; carbamoyl-phosphate synthase small
subunit [EC:6.3.5.5]"	183.984
"Nitrifying_Week4_Aerobic_rep2_DNA"	"DNA"	"Week 4"	"Aerobic"	"2"	"K01956; carbamoyl-phosphate synthase small
subunit [EC:6.3.5.5]"	223.753
"Nitrifying_Week4_Aerobic_rep3_DNA"	"DNA"	"Week 4"	"Aerobic"	"3"	"K01956; carbamoyl-phosphate synthase small
subunit [EC:6.3.5.5]"	212.37
"Nitrifying_Week4_Ironreduction_rep1_DNA"	"DNA"	"Week 4"	"Iron reduction"	"1"	"K01956; carbamoyl-phosphate synthase small
subunit [EC:6.3.5.5]"	240.02
"Nitrifying_Week4_Ironreduction_rep2_DNA"	"DNA"	"Week 4"	"Iron reduction"	"2"	"K01956; carbamoyl-phosphate synthase small
subunit [EC:6.3.5.5]"	250.054
"Nitrifying_Week4_Ironreduction_rep3_DNA"	"DNA"	"Week 4"	"Iron reduction"	"3"	"K01956; carbamoyl-phosphate synthase small
subunit [EC:6.3.5.5]"	274.288
"Nitrifying_Week4_Nitratereduction_rep1_DNA"	"DNA"	"Week 4"	"Nitrate reduction"	"1"	"K01956; carbamoyl-phosphate synthase small
subunit [EC:6.3.5.5]"	240.047
"Nitrifying_Week4_Nitratereduction_rep2_DNA"	"DNA"	"Week 4"	"Nitrate reduction"	"2"	"K01956; carbamoyl-phosphate synthase small
subunit [EC:6.3.5.5]"	250.777
"Nitrifying_Week4_Sulphatereduction_rep1_DNA"	"DNA"	"Week 4"	"Sulphate reduction"	"1"	"K01956; carbamoyl-phosphate synthase small
subunit [EC:6.3.5.5]"	259.605
"Nitrifying_Week4_Sulphatereduction_rep2_DNA"	"DNA"	"Week 4"	"Sulphate reduction"	"2"	"K01956; carbamoyl-phosphate synthase small
subunit [EC:6.3.5.5]"	250.691
"Nitrifying_Week4_Sulphatereduction_rep3_DNA"	"DNA"	"Week 4"	"Sulphate reduction"	"3"	"K01956; carbamoyl-phosphate synthase small
subunit [EC:6.3.5.5]"	257.662
"Nitrifying_Week8_Aerobic_rep1_DNA"	"DNA"	"Week 8"	"Aerobic"	"1"	"K01956; carbamoyl-phosphate synthase small
subunit [EC:6.3.5.5]"	128.965
"Nitrifying_Week8_Aerobic_rep2_DNA"	"DNA"	"Week 8"	"Aerobic"	"2"	"K01956; carbamoyl-phosphate synthase small
subunit [EC:6.3.5.5]"	130.549
"Nitrifying_Week8_Aerobic_rep3_DNA"	"DNA"	"Week 8"	"Aerobic"	"3"	"K01956; carbamoyl-phosphate synthase small
subunit [EC:6.3.5.5]"	196.585
"Nitrifying_Week8_Ironreduction_rep1_DNA"	"DNA"	"Week 8"	"Iron reduction"	"1"	"K01956; carbamoyl-phosphate synthase small
subunit [EC:6.3.5.5]"	226.602
"Nitrifying_Week8_Ironreduction_rep2_DNA"	"DNA"	"Week 8"	"Iron reduction"	"2"	"K01956; carbamoyl-phosphate synthase small
subunit [EC:6.3.5.5]"	231.27
"Nitrifying_Week8_Ironreduction_rep3_DNA"	"DNA"	"Week 8"	"Iron reduction"	"3"	"K01956; carbamoyl-phosphate synthase small
subunit [EC:6.3.5.5]"	270.806
"Nitrifying_Week8_Nitratereduction_rep1_DNA"	"DNA"	"Week 8"	"Nitrate reduction"	"1"	"K01956; carbamoyl-phosphate synthase small
subunit [EC:6.3.5.5]"	246.316
"Nitrifying_Week8_Nitratereduction_rep2_DNA"	"DNA"	"Week 8"	"Nitrate reduction"	"2"	"K01956; carbamoyl-phosphate synthase small
subunit [EC:6.3.5.5]"	250.068
"Nitrifying_Week8_Nitratereduction_rep3_DNA"	"DNA"	"Week 8"	"Nitrate reduction"	"3"	"K01956; carbamoyl-phosphate synthase small
subunit [EC:6.3.5.5]"	230.456
"Nitrifying_Week8_Sulphatereduction_rep1_DNA"	"DNA"	"Week 8"	"Sulphate reduction"	"1"	"K01956; carbamoyl-phosphate synthase small
subunit [EC:6.3.5.5]"	265.407
"Nitrifying_Week8_Sulphatereduction_rep2_DNA"	"DNA"	"Week 8"	"Sulphate reduction"	"2"	"K01956; carbamoyl-phosphate synthase small
subunit [EC:6.3.5.5]"	260.301
"Nitrifying_Week8_Sulphatereduction_rep3_DNA"	"DNA"	"Week 8"	"Sulphate reduction"	"3"	"K01956; carbamoyl-phosphate synthase small
subunit [EC:6.3.5.5]"	251.182
"Nitrifying_Day0_rep1_RNA"	"RNA"	"Week 0"	"Inoculum"	"1"	"K01956; carbamoyl-phosphate synthase small
subunit [EC:6.3.5.5]"	13.894
"Nitrifying_Day0_rep2_RNA"	"RNA"	"Week 0"	"Inoculum"	"2"	"K01956; carbamoyl-phosphate synthase small
subunit [EC:6.3.5.5]"	18.318
"Nitrifying_Day0_rep3_RNA"	"RNA"	"Week 0"	"Inoculum"	"3"	"K01956; carbamoyl-phosphate synthase small
subunit [EC:6.3.5.5]"	14.633
"Nitrifying_Week4_Aerobic_rep1_RNA"	"RNA"	"Week 4"	"Aerobic"	"1"	"K01956; carbamoyl-phosphate synthase small
subunit [EC:6.3.5.5]"	40.909
"Nitrifying_Week4_Aerobic_rep2_RNA"	"RNA"	"Week 4"	"Aerobic"	"2"	"K01956; carbamoyl-phosphate synthase small
subunit [EC:6.3.5.5]"	12.606
"Nitrifying_Week4_Aerobic_rep3_RNA"	"RNA"	"Week 4"	"Aerobic"	"3"	"K01956; carbamoyl-phosphate synthase small
subunit [EC:6.3.5.5]"	22.102
"Nitrifying_Week4_Ironreduction_rep1_RNA"	"RNA"	"Week 4"	"Iron reduction"	"1"	"K01956; carbamoyl-phosphate synthase small
subunit [EC:6.3.5.5]"	4.33
"Nitrifying_Week4_Ironreduction_rep2_RNA"	"RNA"	"Week 4"	"Iron reduction"	"2"	"K01956; carbamoyl-phosphate synthase small
subunit [EC:6.3.5.5]"	175.861
"Nitrifying_Week4_Ironreduction_rep3_RNA"	"RNA"	"Week 4"	"Iron reduction"	"3"	"K01956; carbamoyl-phosphate synthase small
subunit [EC:6.3.5.5]"	8.736
"Nitrifying_Week4_Nitratereduction_rep1_RNA"	"RNA"	"Week 4"	"Nitrate reduction"	"1"	"K01956; carbamoyl-phosphate synthase small
subunit [EC:6.3.5.5]"	508.173
"Nitrifying_Week4_Nitratereduction_rep2_RNA"	"RNA"	"Week 4"	"Nitrate reduction"	"2"	"K01956; carbamoyl-phosphate synthase small
subunit [EC:6.3.5.5]"	145.098
"Nitrifying_Week4_Sulphatereduction_rep1_RNA"	"RNA"	"Week 4"	"Sulphate reduction"	"1"	"K01956; carbamoyl-phosphate synthase small
subunit [EC:6.3.5.5]"	59.203
"Nitrifying_Week4_Sulphatereduction_rep2_RNA"	"RNA"	"Week 4"	"Sulphate reduction"	"2"	"K01956; carbamoyl-phosphate synthase small
subunit [EC:6.3.5.5]"	250.909
"Nitrifying_Week8_Aerobic_rep1_RNA"	"RNA"	"Week 8"	"Aerobic"	"1"	"K01956; carbamoyl-phosphate synthase small
subunit [EC:6.3.5.5]"	5.43
"Nitrifying_Week8_Aerobic_rep2_RNA"	"RNA"	"Week 8"	"Aerobic"	"2"	"K01956; carbamoyl-phosphate synthase small
subunit [EC:6.3.5.5]"	9.581
"Nitrifying_Week8_Aerobic_rep3_RNA"	"RNA"	"Week 8"	"Aerobic"	"3"	"K01956; carbamoyl-phosphate synthase small
subunit [EC:6.3.5.5]"	12.442
"Nitrifying_Week8_Ironreduction_rep3_RNA"	"RNA"	"Week 8"	"Iron reduction"	"3"	"K01956; carbamoyl-phosphate synthase small
subunit [EC:6.3.5.5]"	6.516
"Nitrifying_Week8_Nitratereduction_rep1_RNA"	"RNA"	"Week 8"	"Nitrate reduction"	"1"	"K01956; carbamoyl-phosphate synthase small
subunit [EC:6.3.5.5]"	513.896
"Nitrifying_Week8_Nitratereduction_rep2_RNA"	"RNA"	"Week 8"	"Nitrate reduction"	"2"	"K01956; carbamoyl-phosphate synthase small
subunit [EC:6.3.5.5]"	16.721
"Nitrifying_Week8_Sulphatereduction_rep1_RNA"	"RNA"	"Week 8"	"Sulphate reduction"	"1"	"K01956; carbamoyl-phosphate synthase small
subunit [EC:6.3.5.5]"	14.846
"Nitrifying_Week8_Sulphatereduction_rep2_RNA"	"RNA"	"Week 8"	"Sulphate reduction"	"2"	"K01956; carbamoyl-phosphate synthase small
subunit [EC:6.3.5.5]"	247.219
"Nitrifying_Week8_Sulphatereduction_rep3_RNA"	"RNA"	"Week 8"	"Sulphate reduction"	"3"	"K01956; carbamoyl-phosphate synthase small
subunit [EC:6.3.5.5]"	294.62
"Nitrifying_Day0_rep1_DNA"	"DNA"	"Week 0"	"Inoculum"	"1"	"K01755; argininosuccinate lyase [EC:4.3.2.1]"	272.329
"Nitrifying_Day0_rep2_DNA"	"DNA"	"Week 0"	"Inoculum"	"2"	"K01755; argininosuccinate lyase [EC:4.3.2.1]"	279.41
"Nitrifying_Day0_rep3_DNA"	"DNA"	"Week 0"	"Inoculum"	"3"	"K01755; argininosuccinate lyase [EC:4.3.2.1]"	278.286
"Nitrifying_Week4_Aerobic_rep1_DNA"	"DNA"	"Week 4"	"Aerobic"	"1"	"K01755; argininosuccinate lyase [EC:4.3.2.1]"	226.281
"Nitrifying_Week4_Aerobic_rep2_DNA"	"DNA"	"Week 4"	"Aerobic"	"2"	"K01755; argininosuccinate lyase [EC:4.3.2.1]"	242.463
"Nitrifying_Week4_Aerobic_rep3_DNA"	"DNA"	"Week 4"	"Aerobic"	"3"	"K01755; argininosuccinate lyase [EC:4.3.2.1]"	193.4
"Nitrifying_Week4_Ironreduction_rep1_DNA"	"DNA"	"Week 4"	"Iron reduction"	"1"	"K01755; argininosuccinate lyase [EC:4.3.2.1]"	238.464
"Nitrifying_Week4_Ironreduction_rep2_DNA"	"DNA"	"Week 4"	"Iron reduction"	"2"	"K01755; argininosuccinate lyase [EC:4.3.2.1]"	255.887
"Nitrifying_Week4_Ironreduction_rep3_DNA"	"DNA"	"Week 4"	"Iron reduction"	"3"	"K01755; argininosuccinate lyase [EC:4.3.2.1]"	259.534
"Nitrifying_Week4_Nitratereduction_rep1_DNA"	"DNA"	"Week 4"	"Nitrate reduction"	"1"	"K01755; argininosuccinate lyase [EC:4.3.2.1]"	246.761
"Nitrifying_Week4_Nitratereduction_rep2_DNA"	"DNA"	"Week 4"	"Nitrate reduction"	"2"	"K01755; argininosuccinate lyase [EC:4.3.2.1]"	253.478
"Nitrifying_Week4_Sulphatereduction_rep1_DNA"	"DNA"	"Week 4"	"Sulphate reduction"	"1"	"K01755; argininosuccinate lyase [EC:4.3.2.1]"	262.152
"Nitrifying_Week4_Sulphatereduction_rep2_DNA"	"DNA"	"Week 4"	"Sulphate reduction"	"2"	"K01755; argininosuccinate lyase [EC:4.3.2.1]"	249.436
"Nitrifying_Week4_Sulphatereduction_rep3_DNA"	"DNA"	"Week 4"	"Sulphate reduction"	"3"	"K01755; argininosuccinate lyase [EC:4.3.2.1]"	242.082
"Nitrifying_Week8_Aerobic_rep1_DNA"	"DNA"	"Week 8"	"Aerobic"	"1"	"K01755; argininosuccinate lyase [EC:4.3.2.1]"	136.687
"Nitrifying_Week8_Aerobic_rep2_DNA"	"DNA"	"Week 8"	"Aerobic"	"2"	"K01755; argininosuccinate lyase [EC:4.3.2.1]"	130.026
"Nitrifying_Week8_Aerobic_rep3_DNA"	"DNA"	"Week 8"	"Aerobic"	"3"	"K01755; argininosuccinate lyase [EC:4.3.2.1]"	175.223
"Nitrifying_Week8_Ironreduction_rep1_DNA"	"DNA"	"Week 8"	"Iron reduction"	"1"	"K01755; argininosuccinate lyase [EC:4.3.2.1]"	226.363
"Nitrifying_Week8_Ironreduction_rep2_DNA"	"DNA"	"Week 8"	"Iron reduction"	"2"	"K01755; argininosuccinate lyase [EC:4.3.2.1]"	232.831
"Nitrifying_Week8_Ironreduction_rep3_DNA"	"DNA"	"Week 8"	"Iron reduction"	"3"	"K01755; argininosuccinate lyase [EC:4.3.2.1]"	259.004
"Nitrifying_Week8_Nitratereduction_rep1_DNA"	"DNA"	"Week 8"	"Nitrate reduction"	"1"	"K01755; argininosuccinate lyase [EC:4.3.2.1]"	249.657
"Nitrifying_Week8_Nitratereduction_rep2_DNA"	"DNA"	"Week 8"	"Nitrate reduction"	"2"	"K01755; argininosuccinate lyase [EC:4.3.2.1]"	247.455
"Nitrifying_Week8_Nitratereduction_rep3_DNA"	"DNA"	"Week 8"	"Nitrate reduction"	"3"	"K01755; argininosuccinate lyase [EC:4.3.2.1]"	225.085
"Nitrifying_Week8_Sulphatereduction_rep1_DNA"	"DNA"	"Week 8"	"Sulphate reduction"	"1"	"K01755; argininosuccinate lyase [EC:4.3.2.1]"	264.841
"Nitrifying_Week8_Sulphatereduction_rep2_DNA"	"DNA"	"Week 8"	"Sulphate reduction"	"2"	"K01755; argininosuccinate lyase [EC:4.3.2.1]"	266.165
"Nitrifying_Week8_Sulphatereduction_rep3_DNA"	"DNA"	"Week 8"	"Sulphate reduction"	"3"	"K01755; argininosuccinate lyase [EC:4.3.2.1]"	252.289
"Nitrifying_Day0_rep1_RNA"	"RNA"	"Week 0"	"Inoculum"	"1"	"K01755; argininosuccinate lyase [EC:4.3.2.1]"	15.182
"Nitrifying_Day0_rep2_RNA"	"RNA"	"Week 0"	"Inoculum"	"2"	"K01755; argininosuccinate lyase [EC:4.3.2.1]"	23.796
"Nitrifying_Day0_rep3_RNA"	"RNA"	"Week 0"	"Inoculum"	"3"	"K01755; argininosuccinate lyase [EC:4.3.2.1]"	18.321
"Nitrifying_Week4_Aerobic_rep1_RNA"	"RNA"	"Week 4"	"Aerobic"	"1"	"K01755; argininosuccinate lyase [EC:4.3.2.1]"	28.263
"Nitrifying_Week4_Aerobic_rep2_RNA"	"RNA"	"Week 4"	"Aerobic"	"2"	"K01755; argininosuccinate lyase [EC:4.3.2.1]"	6.979
"Nitrifying_Week4_Aerobic_rep3_RNA"	"RNA"	"Week 4"	"Aerobic"	"3"	"K01755; argininosuccinate lyase [EC:4.3.2.1]"	10.173
"Nitrifying_Week4_Ironreduction_rep1_RNA"	"RNA"	"Week 4"	"Iron reduction"	"1"	"K01755; argininosuccinate lyase [EC:4.3.2.1]"	4.064
"Nitrifying_Week4_Ironreduction_rep2_RNA"	"RNA"	"Week 4"	"Iron reduction"	"2"	"K01755; argininosuccinate lyase [EC:4.3.2.1]"	231.798
"Nitrifying_Week4_Ironreduction_rep3_RNA"	"RNA"	"Week 4"	"Iron reduction"	"3"	"K01755; argininosuccinate lyase [EC:4.3.2.1]"	5.448
"Nitrifying_Week4_Nitratereduction_rep1_RNA"	"RNA"	"Week 4"	"Nitrate reduction"	"1"	"K01755; argininosuccinate lyase [EC:4.3.2.1]"	388.668
"Nitrifying_Week4_Nitratereduction_rep2_RNA"	"RNA"	"Week 4"	"Nitrate reduction"	"2"	"K01755; argininosuccinate lyase [EC:4.3.2.1]"	134.192
"Nitrifying_Week4_Sulphatereduction_rep1_RNA"	"RNA"	"Week 4"	"Sulphate reduction"	"1"	"K01755; argininosuccinate lyase [EC:4.3.2.1]"	21.345
"Nitrifying_Week4_Sulphatereduction_rep2_RNA"	"RNA"	"Week 4"	"Sulphate reduction"	"2"	"K01755; argininosuccinate lyase [EC:4.3.2.1]"	207.542
"Nitrifying_Week8_Aerobic_rep1_RNA"	"RNA"	"Week 8"	"Aerobic"	"1"	"K01755; argininosuccinate lyase [EC:4.3.2.1]"	2.072
"Nitrifying_Week8_Aerobic_rep2_RNA"	"RNA"	"Week 8"	"Aerobic"	"2"	"K01755; argininosuccinate lyase [EC:4.3.2.1]"	5.738
"Nitrifying_Week8_Aerobic_rep3_RNA"	"RNA"	"Week 8"	"Aerobic"	"3"	"K01755; argininosuccinate lyase [EC:4.3.2.1]"	3.168
"Nitrifying_Week8_Ironreduction_rep3_RNA"	"RNA"	"Week 8"	"Iron reduction"	"3"	"K01755; argininosuccinate lyase [EC:4.3.2.1]"	4.27
"Nitrifying_Week8_Nitratereduction_rep1_RNA"	"RNA"	"Week 8"	"Nitrate reduction"	"1"	"K01755; argininosuccinate lyase [EC:4.3.2.1]"	353
"Nitrifying_Week8_Nitratereduction_rep2_RNA"	"RNA"	"Week 8"	"Nitrate reduction"	"2"	"K01755; argininosuccinate lyase [EC:4.3.2.1]"	12.787
"Nitrifying_Week8_Sulphatereduction_rep1_RNA"	"RNA"	"Week 8"	"Sulphate reduction"	"1"	"K01755; argininosuccinate lyase [EC:4.3.2.1]"	5.746
"Nitrifying_Week8_Sulphatereduction_rep2_RNA"	"RNA"	"Week 8"	"Sulphate reduction"	"2"	"K01755; argininosuccinate lyase [EC:4.3.2.1]"	128.428
"Nitrifying_Week8_Sulphatereduction_rep3_RNA"	"RNA"	"Week 8"	"Sulphate reduction"	"3"	"K01755; argininosuccinate lyase [EC:4.3.2.1]"	202.876
"Nitrifying_Day0_rep1_DNA"	"DNA"	"Week 0"	"Inoculum"	"1"	"K00265; glutamate synthase (NADPH) large chain
[EC:1.4.1.13]"	79.749
"Nitrifying_Day0_rep2_DNA"	"DNA"	"Week 0"	"Inoculum"	"2"	"K00265; glutamate synthase (NADPH) large chain
[EC:1.4.1.13]"	82.026
"Nitrifying_Day0_rep3_DNA"	"DNA"	"Week 0"	"Inoculum"	"3"	"K00265; glutamate synthase (NADPH) large chain
[EC:1.4.1.13]"	72.323
"Nitrifying_Week4_Aerobic_rep1_DNA"	"DNA"	"Week 4"	"Aerobic"	"1"	"K00265; glutamate synthase (NADPH) large chain
[EC:1.4.1.13]"	246.298
"Nitrifying_Week4_Aerobic_rep2_DNA"	"DNA"	"Week 4"	"Aerobic"	"2"	"K00265; glutamate synthase (NADPH) large chain
[EC:1.4.1.13]"	225.017
"Nitrifying_Week4_Aerobic_rep3_DNA"	"DNA"	"Week 4"	"Aerobic"	"3"	"K00265; glutamate synthase (NADPH) large chain
[EC:1.4.1.13]"	207.421
"Nitrifying_Week4_Ironreduction_rep1_DNA"	"DNA"	"Week 4"	"Iron reduction"	"1"	"K00265; glutamate synthase (NADPH) large chain
[EC:1.4.1.13]"	75.343
"Nitrifying_Week4_Ironreduction_rep2_DNA"	"DNA"	"Week 4"	"Iron reduction"	"2"	"K00265; glutamate synthase (NADPH) large chain
[EC:1.4.1.13]"	87.896
"Nitrifying_Week4_Ironreduction_rep3_DNA"	"DNA"	"Week 4"	"Iron reduction"	"3"	"K00265; glutamate synthase (NADPH) large chain
[EC:1.4.1.13]"	83.636
"Nitrifying_Week4_Nitratereduction_rep1_DNA"	"DNA"	"Week 4"	"Nitrate reduction"	"1"	"K00265; glutamate synthase (NADPH) large chain
[EC:1.4.1.13]"	144.545
"Nitrifying_Week4_Nitratereduction_rep2_DNA"	"DNA"	"Week 4"	"Nitrate reduction"	"2"	"K00265; glutamate synthase (NADPH) large chain
[EC:1.4.1.13]"	111.817
"Nitrifying_Week4_Sulphatereduction_rep1_DNA"	"DNA"	"Week 4"	"Sulphate reduction"	"1"	"K00265; glutamate synthase (NADPH) large chain
[EC:1.4.1.13]"	124.588
"Nitrifying_Week4_Sulphatereduction_rep2_DNA"	"DNA"	"Week 4"	"Sulphate reduction"	"2"	"K00265; glutamate synthase (NADPH) large chain
[EC:1.4.1.13]"	133.441
"Nitrifying_Week4_Sulphatereduction_rep3_DNA"	"DNA"	"Week 4"	"Sulphate reduction"	"3"	"K00265; glutamate synthase (NADPH) large chain
[EC:1.4.1.13]"	141.322
"Nitrifying_Week8_Aerobic_rep1_DNA"	"DNA"	"Week 8"	"Aerobic"	"1"	"K00265; glutamate synthase (NADPH) large chain
[EC:1.4.1.13]"	99.731
"Nitrifying_Week8_Aerobic_rep2_DNA"	"DNA"	"Week 8"	"Aerobic"	"2"	"K00265; glutamate synthase (NADPH) large chain
[EC:1.4.1.13]"	91.272
"Nitrifying_Week8_Aerobic_rep3_DNA"	"DNA"	"Week 8"	"Aerobic"	"3"	"K00265; glutamate synthase (NADPH) large chain
[EC:1.4.1.13]"	144.325
"Nitrifying_Week8_Ironreduction_rep1_DNA"	"DNA"	"Week 8"	"Iron reduction"	"1"	"K00265; glutamate synthase (NADPH) large chain
[EC:1.4.1.13]"	81.348
"Nitrifying_Week8_Ironreduction_rep2_DNA"	"DNA"	"Week 8"	"Iron reduction"	"2"	"K00265; glutamate synthase (NADPH) large chain
[EC:1.4.1.13]"	72.253
"Nitrifying_Week8_Ironreduction_rep3_DNA"	"DNA"	"Week 8"	"Iron reduction"	"3"	"K00265; glutamate synthase (NADPH) large chain
[EC:1.4.1.13]"	85.296
"Nitrifying_Week8_Nitratereduction_rep1_DNA"	"DNA"	"Week 8"	"Nitrate reduction"	"1"	"K00265; glutamate synthase (NADPH) large chain
[EC:1.4.1.13]"	144.489
"Nitrifying_Week8_Nitratereduction_rep2_DNA"	"DNA"	"Week 8"	"Nitrate reduction"	"2"	"K00265; glutamate synthase (NADPH) large chain
[EC:1.4.1.13]"	146.335
"Nitrifying_Week8_Nitratereduction_rep3_DNA"	"DNA"	"Week 8"	"Nitrate reduction"	"3"	"K00265; glutamate synthase (NADPH) large chain
[EC:1.4.1.13]"	81.93
"Nitrifying_Week8_Sulphatereduction_rep1_DNA"	"DNA"	"Week 8"	"Sulphate reduction"	"1"	"K00265; glutamate synthase (NADPH) large chain
[EC:1.4.1.13]"	115.496
"Nitrifying_Week8_Sulphatereduction_rep2_DNA"	"DNA"	"Week 8"	"Sulphate reduction"	"2"	"K00265; glutamate synthase (NADPH) large chain
[EC:1.4.1.13]"	99.253
"Nitrifying_Week8_Sulphatereduction_rep3_DNA"	"DNA"	"Week 8"	"Sulphate reduction"	"3"	"K00265; glutamate synthase (NADPH) large chain
[EC:1.4.1.13]"	134.742
"Nitrifying_Day0_rep1_RNA"	"RNA"	"Week 0"	"Inoculum"	"1"	"K00265; glutamate synthase (NADPH) large chain
[EC:1.4.1.13]"	28.251
"Nitrifying_Day0_rep2_RNA"	"RNA"	"Week 0"	"Inoculum"	"2"	"K00265; glutamate synthase (NADPH) large chain
[EC:1.4.1.13]"	35.634
"Nitrifying_Day0_rep3_RNA"	"RNA"	"Week 0"	"Inoculum"	"3"	"K00265; glutamate synthase (NADPH) large chain
[EC:1.4.1.13]"	25.038
"Nitrifying_Week4_Aerobic_rep1_RNA"	"RNA"	"Week 4"	"Aerobic"	"1"	"K00265; glutamate synthase (NADPH) large chain
[EC:1.4.1.13]"	76.975
"Nitrifying_Week4_Aerobic_rep2_RNA"	"RNA"	"Week 4"	"Aerobic"	"2"	"K00265; glutamate synthase (NADPH) large chain
[EC:1.4.1.13]"	26.937
"Nitrifying_Week4_Aerobic_rep3_RNA"	"RNA"	"Week 4"	"Aerobic"	"3"	"K00265; glutamate synthase (NADPH) large chain
[EC:1.4.1.13]"	35.138
"Nitrifying_Week4_Ironreduction_rep1_RNA"	"RNA"	"Week 4"	"Iron reduction"	"1"	"K00265; glutamate synthase (NADPH) large chain
[EC:1.4.1.13]"	1.583
"Nitrifying_Week4_Ironreduction_rep2_RNA"	"RNA"	"Week 4"	"Iron reduction"	"2"	"K00265; glutamate synthase (NADPH) large chain
[EC:1.4.1.13]"	195.326
"Nitrifying_Week4_Ironreduction_rep3_RNA"	"RNA"	"Week 4"	"Iron reduction"	"3"	"K00265; glutamate synthase (NADPH) large chain
[EC:1.4.1.13]"	3.48
"Nitrifying_Week4_Nitratereduction_rep1_RNA"	"RNA"	"Week 4"	"Nitrate reduction"	"1"	"K00265; glutamate synthase (NADPH) large chain
[EC:1.4.1.13]"	345.864
"Nitrifying_Week4_Nitratereduction_rep2_RNA"	"RNA"	"Week 4"	"Nitrate reduction"	"2"	"K00265; glutamate synthase (NADPH) large chain
[EC:1.4.1.13]"	154.877
"Nitrifying_Week4_Sulphatereduction_rep1_RNA"	"RNA"	"Week 4"	"Sulphate reduction"	"1"	"K00265; glutamate synthase (NADPH) large chain
[EC:1.4.1.13]"	72.806
"Nitrifying_Week4_Sulphatereduction_rep2_RNA"	"RNA"	"Week 4"	"Sulphate reduction"	"2"	"K00265; glutamate synthase (NADPH) large chain
[EC:1.4.1.13]"	243.601
"Nitrifying_Week8_Aerobic_rep1_RNA"	"RNA"	"Week 8"	"Aerobic"	"1"	"K00265; glutamate synthase (NADPH) large chain
[EC:1.4.1.13]"	7.604
"Nitrifying_Week8_Aerobic_rep2_RNA"	"RNA"	"Week 8"	"Aerobic"	"2"	"K00265; glutamate synthase (NADPH) large chain
[EC:1.4.1.13]"	8.971
"Nitrifying_Week8_Aerobic_rep3_RNA"	"RNA"	"Week 8"	"Aerobic"	"3"	"K00265; glutamate synthase (NADPH) large chain
[EC:1.4.1.13]"	10.631
"Nitrifying_Week8_Ironreduction_rep3_RNA"	"RNA"	"Week 8"	"Iron reduction"	"3"	"K00265; glutamate synthase (NADPH) large chain
[EC:1.4.1.13]"	5.961
"Nitrifying_Week8_Nitratereduction_rep1_RNA"	"RNA"	"Week 8"	"Nitrate reduction"	"1"	"K00265; glutamate synthase (NADPH) large chain
[EC:1.4.1.13]"	460.708
"Nitrifying_Week8_Nitratereduction_rep2_RNA"	"RNA"	"Week 8"	"Nitrate reduction"	"2"	"K00265; glutamate synthase (NADPH) large chain
[EC:1.4.1.13]"	28.081
"Nitrifying_Week8_Sulphatereduction_rep1_RNA"	"RNA"	"Week 8"	"Sulphate reduction"	"1"	"K00265; glutamate synthase (NADPH) large chain
[EC:1.4.1.13]"	18.752
"Nitrifying_Week8_Sulphatereduction_rep2_RNA"	"RNA"	"Week 8"	"Sulphate reduction"	"2"	"K00265; glutamate synthase (NADPH) large chain
[EC:1.4.1.13]"	178.08
"Nitrifying_Week8_Sulphatereduction_rep3_RNA"	"RNA"	"Week 8"	"Sulphate reduction"	"3"	"K00265; glutamate synthase (NADPH) large chain
[EC:1.4.1.13]"	189.902
"Nitrifying_Day0_rep1_DNA"	"DNA"	"Week 0"	"Inoculum"	"1"	"K00140; malonate-semialdehyde dehydrogenase
(acetylating) / methylmalonate-semialdehyde
dehydrogenase [EC:1.2.1.18 1.2.1.27]"	70.003
"Nitrifying_Day0_rep2_DNA"	"DNA"	"Week 0"	"Inoculum"	"2"	"K00140; malonate-semialdehyde dehydrogenase
(acetylating) / methylmalonate-semialdehyde
dehydrogenase [EC:1.2.1.18 1.2.1.27]"	63.459
"Nitrifying_Day0_rep3_DNA"	"DNA"	"Week 0"	"Inoculum"	"3"	"K00140; malonate-semialdehyde dehydrogenase
(acetylating) / methylmalonate-semialdehyde
dehydrogenase [EC:1.2.1.18 1.2.1.27]"	61.091
"Nitrifying_Week4_Aerobic_rep1_DNA"	"DNA"	"Week 4"	"Aerobic"	"1"	"K00140; malonate-semialdehyde dehydrogenase
(acetylating) / methylmalonate-semialdehyde
dehydrogenase [EC:1.2.1.18 1.2.1.27]"	227.265
"Nitrifying_Week4_Aerobic_rep2_DNA"	"DNA"	"Week 4"	"Aerobic"	"2"	"K00140; malonate-semialdehyde dehydrogenase
(acetylating) / methylmalonate-semialdehyde
dehydrogenase [EC:1.2.1.18 1.2.1.27]"	187.797
"Nitrifying_Week4_Aerobic_rep3_DNA"	"DNA"	"Week 4"	"Aerobic"	"3"	"K00140; malonate-semialdehyde dehydrogenase
(acetylating) / methylmalonate-semialdehyde
dehydrogenase [EC:1.2.1.18 1.2.1.27]"	173.353
"Nitrifying_Week4_Ironreduction_rep1_DNA"	"DNA"	"Week 4"	"Iron reduction"	"1"	"K00140; malonate-semialdehyde dehydrogenase
(acetylating) / methylmalonate-semialdehyde
dehydrogenase [EC:1.2.1.18 1.2.1.27]"	60.659
"Nitrifying_Week4_Ironreduction_rep2_DNA"	"DNA"	"Week 4"	"Iron reduction"	"2"	"K00140; malonate-semialdehyde dehydrogenase
(acetylating) / methylmalonate-semialdehyde
dehydrogenase [EC:1.2.1.18 1.2.1.27]"	74.467
"Nitrifying_Week4_Ironreduction_rep3_DNA"	"DNA"	"Week 4"	"Iron reduction"	"3"	"K00140; malonate-semialdehyde dehydrogenase
(acetylating) / methylmalonate-semialdehyde
dehydrogenase [EC:1.2.1.18 1.2.1.27]"	75.311
"Nitrifying_Week4_Nitratereduction_rep1_DNA"	"DNA"	"Week 4"	"Nitrate reduction"	"1"	"K00140; malonate-semialdehyde dehydrogenase
(acetylating) / methylmalonate-semialdehyde
dehydrogenase [EC:1.2.1.18 1.2.1.27]"	151.351
"Nitrifying_Week4_Nitratereduction_rep2_DNA"	"DNA"	"Week 4"	"Nitrate reduction"	"2"	"K00140; malonate-semialdehyde dehydrogenase
(acetylating) / methylmalonate-semialdehyde
dehydrogenase [EC:1.2.1.18 1.2.1.27]"	120.45
"Nitrifying_Week4_Sulphatereduction_rep1_DNA"	"DNA"	"Week 4"	"Sulphate reduction"	"1"	"K00140; malonate-semialdehyde dehydrogenase
(acetylating) / methylmalonate-semialdehyde
dehydrogenase [EC:1.2.1.18 1.2.1.27]"	106.712
"Nitrifying_Week4_Sulphatereduction_rep2_DNA"	"DNA"	"Week 4"	"Sulphate reduction"	"2"	"K00140; malonate-semialdehyde dehydrogenase
(acetylating) / methylmalonate-semialdehyde
dehydrogenase [EC:1.2.1.18 1.2.1.27]"	128.454
"Nitrifying_Week4_Sulphatereduction_rep3_DNA"	"DNA"	"Week 4"	"Sulphate reduction"	"3"	"K00140; malonate-semialdehyde dehydrogenase
(acetylating) / methylmalonate-semialdehyde
dehydrogenase [EC:1.2.1.18 1.2.1.27]"	142.833
"Nitrifying_Week8_Aerobic_rep1_DNA"	"DNA"	"Week 8"	"Aerobic"	"1"	"K00140; malonate-semialdehyde dehydrogenase
(acetylating) / methylmalonate-semialdehyde
dehydrogenase [EC:1.2.1.18 1.2.1.27]"	110.542
"Nitrifying_Week8_Aerobic_rep2_DNA"	"DNA"	"Week 8"	"Aerobic"	"2"	"K00140; malonate-semialdehyde dehydrogenase
(acetylating) / methylmalonate-semialdehyde
dehydrogenase [EC:1.2.1.18 1.2.1.27]"	109.227
"Nitrifying_Week8_Aerobic_rep3_DNA"	"DNA"	"Week 8"	"Aerobic"	"3"	"K00140; malonate-semialdehyde dehydrogenase
(acetylating) / methylmalonate-semialdehyde
dehydrogenase [EC:1.2.1.18 1.2.1.27]"	114.79
"Nitrifying_Week8_Ironreduction_rep1_DNA"	"DNA"	"Week 8"	"Iron reduction"	"1"	"K00140; malonate-semialdehyde dehydrogenase
(acetylating) / methylmalonate-semialdehyde
dehydrogenase [EC:1.2.1.18 1.2.1.27]"	64.134
"Nitrifying_Week8_Ironreduction_rep2_DNA"	"DNA"	"Week 8"	"Iron reduction"	"2"	"K00140; malonate-semialdehyde dehydrogenase
(acetylating) / methylmalonate-semialdehyde
dehydrogenase [EC:1.2.1.18 1.2.1.27]"	60.886
"Nitrifying_Week8_Ironreduction_rep3_DNA"	"DNA"	"Week 8"	"Iron reduction"	"3"	"K00140; malonate-semialdehyde dehydrogenase
(acetylating) / methylmalonate-semialdehyde
dehydrogenase [EC:1.2.1.18 1.2.1.27]"	67.616
"Nitrifying_Week8_Nitratereduction_rep1_DNA"	"DNA"	"Week 8"	"Nitrate reduction"	"1"	"K00140; malonate-semialdehyde dehydrogenase
(acetylating) / methylmalonate-semialdehyde
dehydrogenase [EC:1.2.1.18 1.2.1.27]"	164.532
"Nitrifying_Week8_Nitratereduction_rep2_DNA"	"DNA"	"Week 8"	"Nitrate reduction"	"2"	"K00140; malonate-semialdehyde dehydrogenase
(acetylating) / methylmalonate-semialdehyde
dehydrogenase [EC:1.2.1.18 1.2.1.27]"	160.083
"Nitrifying_Week8_Nitratereduction_rep3_DNA"	"DNA"	"Week 8"	"Nitrate reduction"	"3"	"K00140; malonate-semialdehyde dehydrogenase
(acetylating) / methylmalonate-semialdehyde
dehydrogenase [EC:1.2.1.18 1.2.1.27]"	88.159
"Nitrifying_Week8_Sulphatereduction_rep1_DNA"	"DNA"	"Week 8"	"Sulphate reduction"	"1"	"K00140; malonate-semialdehyde dehydrogenase
(acetylating) / methylmalonate-semialdehyde
dehydrogenase [EC:1.2.1.18 1.2.1.27]"	99.655
"Nitrifying_Week8_Sulphatereduction_rep2_DNA"	"DNA"	"Week 8"	"Sulphate reduction"	"2"	"K00140; malonate-semialdehyde dehydrogenase
(acetylating) / methylmalonate-semialdehyde
dehydrogenase [EC:1.2.1.18 1.2.1.27]"	87.291
"Nitrifying_Week8_Sulphatereduction_rep3_DNA"	"DNA"	"Week 8"	"Sulphate reduction"	"3"	"K00140; malonate-semialdehyde dehydrogenase
(acetylating) / methylmalonate-semialdehyde
dehydrogenase [EC:1.2.1.18 1.2.1.27]"	129.298
"Nitrifying_Day0_rep1_RNA"	"RNA"	"Week 0"	"Inoculum"	"1"	"K00140; malonate-semialdehyde dehydrogenase
(acetylating) / methylmalonate-semialdehyde
dehydrogenase [EC:1.2.1.18 1.2.1.27]"	17.44
"Nitrifying_Day0_rep2_RNA"	"RNA"	"Week 0"	"Inoculum"	"2"	"K00140; malonate-semialdehyde dehydrogenase
(acetylating) / methylmalonate-semialdehyde
dehydrogenase [EC:1.2.1.18 1.2.1.27]"	18.704
"Nitrifying_Day0_rep3_RNA"	"RNA"	"Week 0"	"Inoculum"	"3"	"K00140; malonate-semialdehyde dehydrogenase
(acetylating) / methylmalonate-semialdehyde
dehydrogenase [EC:1.2.1.18 1.2.1.27]"	21.603
"Nitrifying_Week4_Aerobic_rep1_RNA"	"RNA"	"Week 4"	"Aerobic"	"1"	"K00140; malonate-semialdehyde dehydrogenase
(acetylating) / methylmalonate-semialdehyde
dehydrogenase [EC:1.2.1.18 1.2.1.27]"	21.951
"Nitrifying_Week4_Aerobic_rep2_RNA"	"RNA"	"Week 4"	"Aerobic"	"2"	"K00140; malonate-semialdehyde dehydrogenase
(acetylating) / methylmalonate-semialdehyde
dehydrogenase [EC:1.2.1.18 1.2.1.27]"	8.53
"Nitrifying_Week4_Aerobic_rep3_RNA"	"RNA"	"Week 4"	"Aerobic"	"3"	"K00140; malonate-semialdehyde dehydrogenase
(acetylating) / methylmalonate-semialdehyde
dehydrogenase [EC:1.2.1.18 1.2.1.27]"	7.088
"Nitrifying_Week4_Ironreduction_rep1_RNA"	"RNA"	"Week 4"	"Iron reduction"	"1"	"K00140; malonate-semialdehyde dehydrogenase
(acetylating) / methylmalonate-semialdehyde
dehydrogenase [EC:1.2.1.18 1.2.1.27]"	0.718
"Nitrifying_Week4_Ironreduction_rep2_RNA"	"RNA"	"Week 4"	"Iron reduction"	"2"	"K00140; malonate-semialdehyde dehydrogenase
(acetylating) / methylmalonate-semialdehyde
dehydrogenase [EC:1.2.1.18 1.2.1.27]"	156.923
"Nitrifying_Week4_Ironreduction_rep3_RNA"	"RNA"	"Week 4"	"Iron reduction"	"3"	"K00140; malonate-semialdehyde dehydrogenase
(acetylating) / methylmalonate-semialdehyde
dehydrogenase [EC:1.2.1.18 1.2.1.27]"	2.742
"Nitrifying_Week4_Nitratereduction_rep1_RNA"	"RNA"	"Week 4"	"Nitrate reduction"	"1"	"K00140; malonate-semialdehyde dehydrogenase
(acetylating) / methylmalonate-semialdehyde
dehydrogenase [EC:1.2.1.18 1.2.1.27]"	317.804
"Nitrifying_Week4_Nitratereduction_rep2_RNA"	"RNA"	"Week 4"	"Nitrate reduction"	"2"	"K00140; malonate-semialdehyde dehydrogenase
(acetylating) / methylmalonate-semialdehyde
dehydrogenase [EC:1.2.1.18 1.2.1.27]"	99.974
"Nitrifying_Week4_Sulphatereduction_rep1_RNA"	"RNA"	"Week 4"	"Sulphate reduction"	"1"	"K00140; malonate-semialdehyde dehydrogenase
(acetylating) / methylmalonate-semialdehyde
dehydrogenase [EC:1.2.1.18 1.2.1.27]"	83.479
"Nitrifying_Week4_Sulphatereduction_rep2_RNA"	"RNA"	"Week 4"	"Sulphate reduction"	"2"	"K00140; malonate-semialdehyde dehydrogenase
(acetylating) / methylmalonate-semialdehyde
dehydrogenase [EC:1.2.1.18 1.2.1.27]"	150.359
"Nitrifying_Week8_Aerobic_rep1_RNA"	"RNA"	"Week 8"	"Aerobic"	"1"	"K00140; malonate-semialdehyde dehydrogenase
(acetylating) / methylmalonate-semialdehyde
dehydrogenase [EC:1.2.1.18 1.2.1.27]"	4.035
"Nitrifying_Week8_Aerobic_rep2_RNA"	"RNA"	"Week 8"	"Aerobic"	"2"	"K00140; malonate-semialdehyde dehydrogenase
(acetylating) / methylmalonate-semialdehyde
dehydrogenase [EC:1.2.1.18 1.2.1.27]"	3.466
"Nitrifying_Week8_Aerobic_rep3_RNA"	"RNA"	"Week 8"	"Aerobic"	"3"	"K00140; malonate-semialdehyde dehydrogenase
(acetylating) / methylmalonate-semialdehyde
dehydrogenase [EC:1.2.1.18 1.2.1.27]"	16.313
"Nitrifying_Week8_Ironreduction_rep3_RNA"	"RNA"	"Week 8"	"Iron reduction"	"3"	"K00140; malonate-semialdehyde dehydrogenase
(acetylating) / methylmalonate-semialdehyde
dehydrogenase [EC:1.2.1.18 1.2.1.27]"	1.254
"Nitrifying_Week8_Nitratereduction_rep1_RNA"	"RNA"	"Week 8"	"Nitrate reduction"	"1"	"K00140; malonate-semialdehyde dehydrogenase
(acetylating) / methylmalonate-semialdehyde
dehydrogenase [EC:1.2.1.18 1.2.1.27]"	349.022
"Nitrifying_Week8_Nitratereduction_rep2_RNA"	"RNA"	"Week 8"	"Nitrate reduction"	"2"	"K00140; malonate-semialdehyde dehydrogenase
(acetylating) / methylmalonate-semialdehyde
dehydrogenase [EC:1.2.1.18 1.2.1.27]"	15.236
"Nitrifying_Week8_Sulphatereduction_rep1_RNA"	"RNA"	"Week 8"	"Sulphate reduction"	"1"	"K00140; malonate-semialdehyde dehydrogenase
(acetylating) / methylmalonate-semialdehyde
dehydrogenase [EC:1.2.1.18 1.2.1.27]"	25.159
"Nitrifying_Week8_Sulphatereduction_rep2_RNA"	"RNA"	"Week 8"	"Sulphate reduction"	"2"	"K00140; malonate-semialdehyde dehydrogenase
(acetylating) / methylmalonate-semialdehyde
dehydrogenase [EC:1.2.1.18 1.2.1.27]"	166.893
"Nitrifying_Week8_Sulphatereduction_rep3_RNA"	"RNA"	"Week 8"	"Sulphate reduction"	"3"	"K00140; malonate-semialdehyde dehydrogenase
(acetylating) / methylmalonate-semialdehyde
dehydrogenase [EC:1.2.1.18 1.2.1.27]"	96.165
"Nitrifying_Day0_rep1_DNA"	"DNA"	"Week 0"	"Inoculum"	"1"	"K00261; glutamate dehydrogenase (NAD(P)+)
[EC:1.4.1.3]"	39.895
"Nitrifying_Day0_rep2_DNA"	"DNA"	"Week 0"	"Inoculum"	"2"	"K00261; glutamate dehydrogenase (NAD(P)+)
[EC:1.4.1.3]"	37.178
"Nitrifying_Day0_rep3_DNA"	"DNA"	"Week 0"	"Inoculum"	"3"	"K00261; glutamate dehydrogenase (NAD(P)+)
[EC:1.4.1.3]"	32.974
"Nitrifying_Week4_Aerobic_rep1_DNA"	"DNA"	"Week 4"	"Aerobic"	"1"	"K00261; glutamate dehydrogenase (NAD(P)+)
[EC:1.4.1.3]"	126.079
"Nitrifying_Week4_Aerobic_rep2_DNA"	"DNA"	"Week 4"	"Aerobic"	"2"	"K00261; glutamate dehydrogenase (NAD(P)+)
[EC:1.4.1.3]"	83.742
"Nitrifying_Week4_Aerobic_rep3_DNA"	"DNA"	"Week 4"	"Aerobic"	"3"	"K00261; glutamate dehydrogenase (NAD(P)+)
[EC:1.4.1.3]"	142.108
"Nitrifying_Week4_Ironreduction_rep1_DNA"	"DNA"	"Week 4"	"Iron reduction"	"1"	"K00261; glutamate dehydrogenase (NAD(P)+)
[EC:1.4.1.3]"	30.492
"Nitrifying_Week4_Ironreduction_rep2_DNA"	"DNA"	"Week 4"	"Iron reduction"	"2"	"K00261; glutamate dehydrogenase (NAD(P)+)
[EC:1.4.1.3]"	32.492
"Nitrifying_Week4_Ironreduction_rep3_DNA"	"DNA"	"Week 4"	"Iron reduction"	"3"	"K00261; glutamate dehydrogenase (NAD(P)+)
[EC:1.4.1.3]"	29.982
"Nitrifying_Week4_Nitratereduction_rep1_DNA"	"DNA"	"Week 4"	"Nitrate reduction"	"1"	"K00261; glutamate dehydrogenase (NAD(P)+)
[EC:1.4.1.3]"	17.802
"Nitrifying_Week4_Nitratereduction_rep2_DNA"	"DNA"	"Week 4"	"Nitrate reduction"	"2"	"K00261; glutamate dehydrogenase (NAD(P)+)
[EC:1.4.1.3]"	17.437
"Nitrifying_Week4_Sulphatereduction_rep1_DNA"	"DNA"	"Week 4"	"Sulphate reduction"	"1"	"K00261; glutamate dehydrogenase (NAD(P)+)
[EC:1.4.1.3]"	23.033
"Nitrifying_Week4_Sulphatereduction_rep2_DNA"	"DNA"	"Week 4"	"Sulphate reduction"	"2"	"K00261; glutamate dehydrogenase (NAD(P)+)
[EC:1.4.1.3]"	20
"Nitrifying_Week4_Sulphatereduction_rep3_DNA"	"DNA"	"Week 4"	"Sulphate reduction"	"3"	"K00261; glutamate dehydrogenase (NAD(P)+)
[EC:1.4.1.3]"	14.646
"Nitrifying_Week8_Aerobic_rep1_DNA"	"DNA"	"Week 8"	"Aerobic"	"1"	"K00261; glutamate dehydrogenase (NAD(P)+)
[EC:1.4.1.3]"	134.773
"Nitrifying_Week8_Aerobic_rep2_DNA"	"DNA"	"Week 8"	"Aerobic"	"2"	"K00261; glutamate dehydrogenase (NAD(P)+)
[EC:1.4.1.3]"	118.378
"Nitrifying_Week8_Aerobic_rep3_DNA"	"DNA"	"Week 8"	"Aerobic"	"3"	"K00261; glutamate dehydrogenase (NAD(P)+)
[EC:1.4.1.3]"	149.473
"Nitrifying_Week8_Ironreduction_rep1_DNA"	"DNA"	"Week 8"	"Iron reduction"	"1"	"K00261; glutamate dehydrogenase (NAD(P)+)
[EC:1.4.1.3]"	31.562
"Nitrifying_Week8_Ironreduction_rep2_DNA"	"DNA"	"Week 8"	"Iron reduction"	"2"	"K00261; glutamate dehydrogenase (NAD(P)+)
[EC:1.4.1.3]"	29.662
"Nitrifying_Week8_Ironreduction_rep3_DNA"	"DNA"	"Week 8"	"Iron reduction"	"3"	"K00261; glutamate dehydrogenase (NAD(P)+)
[EC:1.4.1.3]"	33.507
"Nitrifying_Week8_Nitratereduction_rep1_DNA"	"DNA"	"Week 8"	"Nitrate reduction"	"1"	"K00261; glutamate dehydrogenase (NAD(P)+)
[EC:1.4.1.3]"	19.182
"Nitrifying_Week8_Nitratereduction_rep2_DNA"	"DNA"	"Week 8"	"Nitrate reduction"	"2"	"K00261; glutamate dehydrogenase (NAD(P)+)
[EC:1.4.1.3]"	19.322
"Nitrifying_Week8_Nitratereduction_rep3_DNA"	"DNA"	"Week 8"	"Nitrate reduction"	"3"	"K00261; glutamate dehydrogenase (NAD(P)+)
[EC:1.4.1.3]"	16.77
"Nitrifying_Week8_Sulphatereduction_rep1_DNA"	"DNA"	"Week 8"	"Sulphate reduction"	"1"	"K00261; glutamate dehydrogenase (NAD(P)+)
[EC:1.4.1.3]"	23.334
"Nitrifying_Week8_Sulphatereduction_rep2_DNA"	"DNA"	"Week 8"	"Sulphate reduction"	"2"	"K00261; glutamate dehydrogenase (NAD(P)+)
[EC:1.4.1.3]"	23.534
"Nitrifying_Week8_Sulphatereduction_rep3_DNA"	"DNA"	"Week 8"	"Sulphate reduction"	"3"	"K00261; glutamate dehydrogenase (NAD(P)+)
[EC:1.4.1.3]"	22.997
"Nitrifying_Day0_rep1_RNA"	"RNA"	"Week 0"	"Inoculum"	"1"	"K00261; glutamate dehydrogenase (NAD(P)+)
[EC:1.4.1.3]"	8.603
"Nitrifying_Day0_rep2_RNA"	"RNA"	"Week 0"	"Inoculum"	"2"	"K00261; glutamate dehydrogenase (NAD(P)+)
[EC:1.4.1.3]"	10.994
"Nitrifying_Day0_rep3_RNA"	"RNA"	"Week 0"	"Inoculum"	"3"	"K00261; glutamate dehydrogenase (NAD(P)+)
[EC:1.4.1.3]"	6.499
"Nitrifying_Week4_Aerobic_rep1_RNA"	"RNA"	"Week 4"	"Aerobic"	"1"	"K00261; glutamate dehydrogenase (NAD(P)+)
[EC:1.4.1.3]"	683.189
"Nitrifying_Week4_Aerobic_rep2_RNA"	"RNA"	"Week 4"	"Aerobic"	"2"	"K00261; glutamate dehydrogenase (NAD(P)+)
[EC:1.4.1.3]"	6.498
"Nitrifying_Week4_Aerobic_rep3_RNA"	"RNA"	"Week 4"	"Aerobic"	"3"	"K00261; glutamate dehydrogenase (NAD(P)+)
[EC:1.4.1.3]"	15.501
"Nitrifying_Week4_Ironreduction_rep1_RNA"	"RNA"	"Week 4"	"Iron reduction"	"1"	"K00261; glutamate dehydrogenase (NAD(P)+)
[EC:1.4.1.3]"	0.553
"Nitrifying_Week4_Ironreduction_rep2_RNA"	"RNA"	"Week 4"	"Iron reduction"	"2"	"K00261; glutamate dehydrogenase (NAD(P)+)
[EC:1.4.1.3]"	5.04
"Nitrifying_Week4_Ironreduction_rep3_RNA"	"RNA"	"Week 4"	"Iron reduction"	"3"	"K00261; glutamate dehydrogenase (NAD(P)+)
[EC:1.4.1.3]"	0.533
"Nitrifying_Week4_Nitratereduction_rep1_RNA"	"RNA"	"Week 4"	"Nitrate reduction"	"1"	"K00261; glutamate dehydrogenase (NAD(P)+)
[EC:1.4.1.3]"	14.743
"Nitrifying_Week4_Nitratereduction_rep2_RNA"	"RNA"	"Week 4"	"Nitrate reduction"	"2"	"K00261; glutamate dehydrogenase (NAD(P)+)
[EC:1.4.1.3]"	4.511
"Nitrifying_Week4_Sulphatereduction_rep1_RNA"	"RNA"	"Week 4"	"Sulphate reduction"	"1"	"K00261; glutamate dehydrogenase (NAD(P)+)
[EC:1.4.1.3]"	17.95
"Nitrifying_Week4_Sulphatereduction_rep2_RNA"	"RNA"	"Week 4"	"Sulphate reduction"	"2"	"K00261; glutamate dehydrogenase (NAD(P)+)
[EC:1.4.1.3]"	3.942
"Nitrifying_Week8_Aerobic_rep1_RNA"	"RNA"	"Week 8"	"Aerobic"	"1"	"K00261; glutamate dehydrogenase (NAD(P)+)
[EC:1.4.1.3]"	10.197
"Nitrifying_Week8_Aerobic_rep2_RNA"	"RNA"	"Week 8"	"Aerobic"	"2"	"K00261; glutamate dehydrogenase (NAD(P)+)
[EC:1.4.1.3]"	27.025
"Nitrifying_Week8_Aerobic_rep3_RNA"	"RNA"	"Week 8"	"Aerobic"	"3"	"K00261; glutamate dehydrogenase (NAD(P)+)
[EC:1.4.1.3]"	15.299
"Nitrifying_Week8_Ironreduction_rep3_RNA"	"RNA"	"Week 8"	"Iron reduction"	"3"	"K00261; glutamate dehydrogenase (NAD(P)+)
[EC:1.4.1.3]"	0
"Nitrifying_Week8_Nitratereduction_rep1_RNA"	"RNA"	"Week 8"	"Nitrate reduction"	"1"	"K00261; glutamate dehydrogenase (NAD(P)+)
[EC:1.4.1.3]"	84.389
"Nitrifying_Week8_Nitratereduction_rep2_RNA"	"RNA"	"Week 8"	"Nitrate reduction"	"2"	"K00261; glutamate dehydrogenase (NAD(P)+)
[EC:1.4.1.3]"	5.556
"Nitrifying_Week8_Sulphatereduction_rep1_RNA"	"RNA"	"Week 8"	"Sulphate reduction"	"1"	"K00261; glutamate dehydrogenase (NAD(P)+)
[EC:1.4.1.3]"	8.459
"Nitrifying_Week8_Sulphatereduction_rep2_RNA"	"RNA"	"Week 8"	"Sulphate reduction"	"2"	"K00261; glutamate dehydrogenase (NAD(P)+)
[EC:1.4.1.3]"	5.125
"Nitrifying_Week8_Sulphatereduction_rep3_RNA"	"RNA"	"Week 8"	"Sulphate reduction"	"3"	"K00261; glutamate dehydrogenase (NAD(P)+)
[EC:1.4.1.3]"	5.001
